{
  "state": {
    "isStdOutTTY": false,
    "isStdErrTTY": false,
    "testRunDurationMs": 900964.399726
  },
  "metrics": {
    "gs_latency": {
      "contains": "time",
      "values": {
        "avg": 2.7765376618448943,
        "min": 1.57532,
        "med": 2.4155385000000003,
        "max": 158.606195,
        "p(90)": 3.4734377000000003,
        "p(95)": 4.270045049999997,
        "p(99)": 10.08943350999998
      },
      "thresholds": {
        "p(95)<2000": {
          "ok": true
        }
      },
      "type": "trend"
    },
    "iterations": {
      "type": "counter",
      "contains": "default",
      "values": {
        "count": 178980,
        "rate": 198.65379814611003
      }
    },
    "http_reqs": {
      "contains": "default",
      "values": {
        "count": 178981,
        "rate": 198.65490806787864
      },
      "type": "counter"
    },
    "http_req_connecting": {
      "type": "trend",
      "contains": "time",
      "values": {
        "p(90)": 0,
        "p(95)": 0,
        "p(99)": 0,
        "avg": 0.007892676312010774,
        "min": 0,
        "med": 0,
        "max": 35.917647
      }
    },
    "http_req_tls_handshaking": {
      "type": "trend",
      "contains": "time",
      "values": {
        "min": 0,
        "med": 0,
        "max": 53.584478,
        "p(90)": 0,
        "p(95)": 0,
        "p(99)": 0,
        "avg": 0.012284516367659135
      }
    },
    "pages_discovered": {
      "type": "counter",
      "contains": "default",
      "values": {
        "count": 37,
        "rate": 0.04106710543863041
      }
    },
    "gs_error_rate": {
      "type": "rate",
      "contains": "default",
      "values": {
        "fails": 178980,
        "rate": 0,
        "passes": 0
      },
      "thresholds": {
        "rate<0.05": {
          "ok": true
        }
      }
    },
    "http_req_blocked": {
      "values": {
        "avg": 0.020712951989306633,
        "min": 0.000121,
        "med": 0.00032,
        "max": 69.479967,
        "p(90)": 0.0004,
        "p(95)": 0.000471,
        "p(99)": 0.000761
      },
      "type": "trend",
      "contains": "time"
    },
    "status_count": {
      "type": "counter",
      "contains": "default",
      "values": {
        "count": 178980,
        "rate": 198.65379814611003
      }
    },
    "gs_requests": {
      "type": "counter",
      "contains": "default",
      "values": {
        "count": 178980,
        "rate": 198.65379814611003
      }
    },
    "gs_iteration": {
      "type": "trend",
      "contains": "time",
      "values": {
        "avg": 503.00320147502515,
        "min": 2,
        "med": 503,
        "max": 1033,
        "p(90)": 903,
        "p(95)": 953,
        "p(99)": 993
      }
    },
    "http_req_duration{expected_response:true}": {
      "values": {
        "p(99)": 10.091561200000003,
        "avg": 2.776676941222807,
        "min": 1.57532,
        "med": 2.415542,
        "max": 158.606195,
        "p(90)": 3.473453,
        "p(95)": 4.270293
      },
      "type": "trend",
      "contains": "time"
    },
    "http_req_duration": {
      "type": "trend",
      "contains": "time",
      "values": {
        "avg": 2.776676941222807,
        "min": 1.57532,
        "med": 2.415542,
        "max": 158.606195,
        "p(90)": 3.473453,
        "p(95)": 4.270293,
        "p(99)": 10.091561200000003
      },
      "thresholds": {
        "p(95)<2000": {
          "ok": true
        }
      }
    },
    "http_req_failed": {
      "type": "rate",
      "contains": "default",
      "values": {
        "rate": 0,
        "passes": 0,
        "fails": 178981
      }
    },
    "data_received": {
      "type": "counter",
      "contains": "data",
      "values": {
        "count": 5749998894,
        "rate": 6382048.941943413
      }
    },
    "checks": {
      "type": "rate",
      "contains": "default",
      "values": {
        "passes": 178980,
        "fails": 0,
        "rate": 1
      }
    },
    "pages_tested": {
      "contains": "default",
      "values": {
        "count": 178980,
        "rate": 198.65379814611003
      },
      "type": "counter"
    },
    "iteration_duration": {
      "type": "trend",
      "contains": "time",
      "values": {
        "p(95)": 952.7910620499999,
        "p(99)": 993.3078096499999,
        "avg": 503.01978909166303,
        "min": 2.146639,
        "med": 503.005083,
        "max": 1033.002954,
        "p(90)": 902.7395291
      }
    },
    "http_req_sending": {
      "type": "trend",
      "contains": "time",
      "values": {
        "max": 3.803041,
        "p(90)": 0.067992,
        "p(95)": 0.074642,
        "p(99)": 0.09613700000000011,
        "avg": 0.055331278990506605,
        "min": 0.020811,
        "med": 0.053411
      }
    },
    "vus_max": {
      "type": "gauge",
      "contains": "default",
      "values": {
        "value": 100,
        "min": 100,
        "max": 100
      }
    },
    "http_req_waiting": {
      "values": {
        "avg": 2.4681376730993914,
        "min": 1.317252,
        "med": 2.115041,
        "max": 158.444206,
        "p(90)": 3.148075,
        "p(95)": 3.914477,
        "p(99)": 9.6548502
      },
      "type": "trend",
      "contains": "time"
    },
    "http_req_receiving": {
      "type": "trend",
      "contains": "time",
      "values": {
        "avg": 0.25320798913292053,
        "min": 0.034101,
        "med": 0.207822,
        "max": 29.075943,
        "p(90)": 0.448214,
        "p(95)": 0.5785,
        "p(99)": 0.8497440000000015
      }
    },
    "status_2xx": {
      "contains": "default",
      "values": {
        "count": 178980,
        "rate": 198.65379814611003
      },
      "type": "counter"
    },
    "data_sent": {
      "type": "counter",
      "contains": "data",
      "values": {
        "count": 39664207,
        "rate": 44024.16678401791
      }
    },
    "status_200": {
      "type": "counter",
      "contains": "default",
      "values": {
        "count": 178980,
        "rate": 198.65379814611003
      }
    },
    "vus": {
      "values": {
        "value": 100,
        "min": 100,
        "max": 100
      },
      "type": "gauge",
      "contains": "default"
    }
  },