{
  "metrics": {
    "http_req_tls_handshaking": {
      "type": "trend",
      "contains": "time",
      "values": {
        "med": 0,
        "max": 50.430522,
        "p(90)": 0,
        "p(95)": 0,
        "p(99)": 0,
        "avg": 0.015754289217271882,
        "min": 0
      }
    },
    "checks": {
      "values": {
        "rate": 1,
        "passes": 176216,
        "fails": 0
      },
      "type": "rate",
      "contains": "default"
    },
    "data_sent": {
      "contains": "data",
      "values": {
        "count": 38963236,
        "rate": 43234.201946954236
      },
      "type": "counter"
    },
    "gs_iteration": {
      "type": "trend",
      "contains": "time",
      "values": {
        "med": 511,
        "max": 1287,
        "p(90)": 910,
        "p(95)": 961,
        "p(99)": 1000,
        "avg": 510.90405525037454,
        "min": 9
      }
    },
    "status_200": {
      "values": {
        "count": 176216,
        "rate": 195.53196583272722
      },
      "type": "counter",
      "contains": "default"
    },
    "pages_tested": {
      "type": "counter",
      "contains": "default",
      "values": {
        "count": 176216,
        "rate": 195.53196583272722
      }
    },
    "http_req_receiving": {
      "type": "trend",
      "contains": "time",
      "values": {
        "med": 0.166568,
        "max": 22.832651,
        "p(90)": 0.33546339999999997,
        "p(95)": 1.0000059999999997,
        "p(99)": 1.9727425999999995,
        "avg": 0.26032832054795846,
        "min": 0.026539
      }
    },
    "http_req_failed": {
      "type": "rate",
      "contains": "default",
      "values": {
        "rate": 0,
        "passes": 0,
        "fails": 176217
      }
    },
    "http_reqs": {
      "values": {
        "count": 176217,
        "rate": 195.53307544800526
      },
      "type": "counter",
      "contains": "default"
    },
    "http_req_blocked": {
      "contains": "time",
      "values": {
        "min": 0.0001,
        "med": 0.000218,
        "max": 65.522601,
        "p(90)": 0.000411,
        "p(95)": 0.000483,
        "p(99)": 0.0008908399999999965,
        "avg": 0.024619008671125764
      },
      "type": "trend"
    },
    "http_req_sending": {
      "type": "trend",
      "contains": "time",
      "values": {
        "avg": 0.04404154111691865,
        "min": 0.009028,
        "med": 0.041586,
        "max": 3.086601,
        "p(90)": 0.060029,
        "p(95)": 0.06699939999999997,
        "p(99)": 0.08394723999999996
      }
    },
    "iterations": {
      "type": "counter",
      "contains": "default",
      "values": {
        "count": 176216,
        "rate": 195.53196583272722
      }
    },
    "http_req_connecting": {
      "type": "trend",
      "contains": "time",
      "values": {
        "p(95)": 0,
        "p(99)": 0,
        "avg": 0.008263010600566343,
        "min": 0,
        "med": 0,
        "max": 29.568312,
        "p(90)": 0
      }
    },
    "status_2xx": {
      "values": {
        "count": 176216,
        "rate": 195.53196583272722
      },
      "type": "counter",
      "contains": "default"
    },
    "http_req_waiting": {
      "values": {
        "avg": 9.634009021206701,
        "min": 7.306082,
        "med": 9.753597,
        "max": 526.155885,
        "p(90)": 10.338094,
        "p(95)": 10.5120472,
        "p(99)": 11.633303279999998
      },
      "type": "trend",
      "contains": "time"
    },
    "gs_requests": {
      "type": "counter",
      "contains": "default",
      "values": {
        "rate": 195.53196583272722,
        "count": 176216
      }
    },
    "iteration_duration": {
      "type": "trend",
      "contains": "time",
      "values": {
        "avg": 510.9195589568699,
        "min": 8.931167,
        "med": 511.2851015,
        "max": 1286.90555,
        "p(90)": 910.3207425,
        "p(95)": 960.71284225,
        "p(99)": 1000.2026955
      }
    },
    "pages_discovered": {
      "type": "counter",
      "contains": "default",
      "values": {
        "count": 37,
        "rate": 0.041055765286982494
      }
    },
    "vus": {
      "contains": "default",
      "values": {
        "value": 10,
        "min": 10,
        "max": 100
      },
      "type": "gauge"
    },
    "gs_latency": {
      "values": {
        "p(95)": 11.124972,
        "p(99)": 12.436495700000004,
        "avg": 9.93714086839992,
        "min": 8.190514,
        "med": 10.0121825,
        "max": 534.807789,
        "p(90)": 10.649375500000001
      },
      "thresholds": {
        "p(95)<2000": {
          "ok": true
        }
      },
      "type": "trend",
      "contains": "time"
    },
    "gs_error_rate": {
      "thresholds": {
        "rate<0.05": {
          "ok": true
        }
      },
      "type": "rate",
      "contains": "default",
      "values": {
        "rate": 0,
        "passes": 0,
        "fails": 176216
      }
    },
    "data_received": {
      "type": "counter",
      "contains": "data",
      "values": {
        "count": 5679093465,
        "rate": 6301608.874104761
      }
    },
    "vus_max": {
      "type": "gauge",
      "contains": "default",
      "values": {
        "value": 100,
        "min": 100,
        "max": 100
      }
    },
    "status_count": {
      "type": "counter",
      "contains": "default",
      "values": {
        "count": 176216,
        "rate": 195.53196583272722
      }
    },
    "http_req_duration": {
      "type": "trend",
      "contains": "time",
      "values": {
        "p(99)": 12.437026519999998,
        "avg": 9.938378882871465,
        "min": 8.190514,
        "med": 10.012186,
        "max": 534.807789,
        "p(90)": 10.649385200000001,
        "p(95)": 11.125145999999999
      },
      "thresholds": {
        "p(95)<2000": {
          "ok": true
        }
      }
    },
    "http_req_duration{expected_response:true}": {
      "type": "trend",
      "contains": "time",
      "values": {
        "p(95)": 11.125145999999999,
        "p(99)": 12.437026519999998,
        "avg": 9.938378882871465,
        "min": 8.190514,
        "med": 10.012186,
        "max": 534.807789,
        "p(90)": 10.649385200000001
      }
    }
  },