{
  "options": {
    "noColor": false,
    "summaryTrendStats": [
      "avg",
      "min",
      "med",
      "max",
      "p(90)",
      "p(95)",
      "p(99)"
    ],
    "summaryTimeUnit": ""
  },
  "state": {
    "isStdOutTTY": false,
    "isStdErrTTY": false,
    "testRunDurationMs": 901071.060993
  },
  "metrics": {
    "http_req_sending": {
      "type": "trend",
      "contains": "time",
      "values": {
        "p(90)": 0.115626,
        "p(95)": 0.12835,
        "p(99)": 0.15366007999999998,
        "avg": 0.07283486161329515,
        "min": 0.02699,
        "med": 0.064009,
        "max": 20.657784
      }
    },
    "vus": {
      "type": "gauge",
      "contains": "default",
      "values": {
        "value": 4,
        "min": 4,
        "max": 100
      }
    },
    "gs_latency": {
      "thresholds": {
        "p(95)<2000": {
          "ok": true
        }
      },
      "type": "trend",
      "contains": "time",
      "values": {
        "avg": 2.588005887617683,
        "min": 1.614596,
        "med": 2.291745,
        "max": 985.90391,
        "p(90)": 3.0602432,
        "p(95)": 3.7537281499999975,
        "p(99)": 8.031681020000024
      }
    },
    "data_sent": {
      "type": "counter",
      "contains": "data",
      "values": {
        "rate": 41069.5810818937,
        "count": 37006611
      }
    },
    "iterations": {
      "contains": "default",
      "values": {
        "count": 179272,
        "rate": 198.95434196104173
      },
      "type": "counter"
    },
    "http_req_tls_handshaking": {
      "type": "trend",
      "contains": "time",
      "values": {
        "p(90)": 0,
        "p(95)": 0,
        "p(99)": 0,
        "avg": 0.01676529348535474,
        "min": 0,
        "med": 0,
        "max": 53.597955
      }
    },
    "http_req_waiting": {
      "type": "trend",
      "contains": "time",
      "values": {
        "min": 0.05851,
        "med": 1.989794,
        "max": 973.336011,
        "p(90)": 2.7102118,
        "p(95)": 3.399203999999999,
        "p(99)": 7.642908399999997,
        "avg": 2.279773821043895
      }
    },
    "gs_iteration": {
      "type": "trend",
      "contains": "time",
      "values": {
        "p(99)": 993,
        "avg": 502.1832857334107,
        "min": 2,
        "med": 501,
        "max": 1494,
        "p(90)": 903,
        "p(95)": 953
      }
    },
    "http_req_duration{expected_response:true}": {
      "values": {
        "avg": 2.5882255209484826,
        "min": 1.614596,
        "med": 2.291745,
        "max": 985.90391,
        "p(90)": 3.0604074000000034,
        "p(95)": 3.7538557999999993,
        "p(99)": 8.034807199999996
      },
      "type": "trend",
      "contains": "time"
    },
    "http_req_duration": {
      "type": "trend",
      "contains": "time",
      "values": {
        "med": 2.291745,
        "max": 985.90391,
        "p(90)": 3.0604074000000034,
        "p(95)": 3.7538557999999993,
        "p(99)": 8.034807199999996,
        "avg": 2.5882255209484826,
        "min": 1.614596
      },
      "thresholds": {
        "p(95)<2000": {
          "ok": true
        }
      }
    },
    "pages_tested": {
      "type": "counter",
      "contains": "default",
      "values": {
        "count": 179272,
        "rate": 198.95434196104173
      }
    },
    "http_reqs": {
      "values": {
        "count": 179273,
        "rate": 198.95545175142706
      },
      "type": "counter",
      "contains": "default"
    },
    "http_req_failed": {
      "type": "rate",
      "contains": "default",
      "values": {
        "rate": 0,
        "passes": 0,
        "fails": 179273
      }
    },
    "gs_requests": {
      "type": "counter",
      "contains": "default",
      "values": {
        "count": 179272,
        "rate": 198.95434196104173
      }
    },
    "gs_error_rate": {
      "type": "rate",
      "contains": "default",
      "values": {
        "fails": 179272,
        "rate": 0,
        "passes": 0
      },
      "thresholds": {
        "rate<0.05": {
          "ok": true
        }
      }
    },
    "data_received": {
      "type": "counter",
      "contains": "data",
      "values": {
        "count": 5368881749,
        "rate": 5958333.345078661
      }
    },
    "iteration_duration": {
      "type": "trend",
      "contains": "time",
      "values": {
        "p(90)": 902.911314,
        "p(95)": 952.9417602499999,
        "p(99)": 993.3209393000001,
        "avg": 502.20820513354477,
        "min": 2.267749,
        "med": 501.3020395,
        "max": 1493.477977
      }
    },
    "status_count": {
      "type": "counter",
      "contains": "default",
      "values": {
        "count": 179272,
        "rate": 198.95434196104173
      }
    },
    "checks": {
      "type": "rate",
      "contains": "default",
      "values": {
        "rate": 1,
        "passes": 179272,
        "fails": 0
      }
    },
    "http_req_receiving": {
      "values": {
        "max": 17.642495,
        "p(90)": 0.4070844000000005,
        "p(95)": 0.5285662,
        "p(99)": 0.85037436,
        "avg": 0.23561683829132402,
        "min": 0.035947,
        "med": 0.189595
      },
      "type": "trend",
      "contains": "time"
    },
    "vus_max": {
      "type": "gauge",
      "contains": "default",
      "values": {
        "value": 100,
        "min": 100,
        "max": 100
      }
    },
    "status_200": {
      "type": "counter",
      "contains": "default",
      "values": {
        "count": 179272,
        "rate": 198.95434196104173
      }
    },
    "pages_discovered": {
      "type": "counter",
      "contains": "default",
      "values": {
        "count": 43,
        "rate": 0.047720986569708565
      }
    },
    "http_req_blocked": {
      "type": "trend",
      "contains": "time",
      "values": {
        "min": 0.00013,
        "med": 0.000281,
        "max": 78.730644,
        "p(90)": 0.000501,
        "p(95)": 0.000611,
        "p(99)": 0.000912,
        "avg": 0.025230588415398818
      }
    },
    "status_2xx": {
      "type": "counter",
      "contains": "default",
      "values": {
        "count": 179272,
        "rate": 198.95434196104173
      }
    },
    "http_req_connecting": {
      "type": "trend",
      "contains": "time",
      "values": {
        "p(95)": 0,
        "p(99)": 0,
        "avg": 0.0075727263335806285,
        "min": 0,
        "med": 0,
        "max": 34.016884,
        "p(90)": 0
      }
    }
  },