{
  "options": {
    "summaryTrendStats": [
      "avg",
      "min",
      "med",
      "max",
      "p(90)",
      "p(95)",
      "p(99)"
    ],
    "summaryTimeUnit": "",
    "noColor": false
  },
  "state": {
    "isStdOutTTY": false,
    "isStdErrTTY": false,
    "testRunDurationMs": 901049.736405
  },
  "metrics": {
    "iteration_duration": {
      "type": "trend",
      "contains": "time",
      "values": {
        "min": 2.397891,
        "med": 502.661703,
        "max": 1109.200766,
        "p(90)": 903.536706,
        "p(95)": 953.65459,
        "p(99)": 993.2777856,
        "avg": 502.6625924002847
      }
    },
    "vus_max": {
      "contains": "default",
      "values": {
        "min": 100,
        "max": 100,
        "value": 100
      },
      "type": "gauge"
    },
    "http_req_failed": {
      "type": "rate",
      "contains": "default",
      "values": {
        "rate": 0,
        "passes": 0,
        "fails": 179112
      }
    },
    "gs_latency": {
      "type": "trend",
      "contains": "time",
      "values": {
        "med": 2.480128,
        "max": 695.411023,
        "p(90)": 3.107542,
        "p(95)": 3.645879,
        "p(99)": 6.449695599999999,
        "avg": 2.684875190278652,
        "min": 1.813223
      },
      "thresholds": {
        "p(95)<2000": {
          "ok": true
        }
      }
    },
    "http_req_tls_handshaking": {
      "type": "trend",
      "contains": "time",
      "values": {
        "p(99)": 0,
        "avg": 0.013873243914422264,
        "min": 0,
        "med": 0,
        "max": 46.926492,
        "p(90)": 0,
        "p(95)": 0
      }
    },
    "http_req_duration": {
      "type": "trend",
      "contains": "time",
      "values": {
        "max": 695.411023,
        "p(90)": 3.107542,
        "p(95)": 3.6460797499999957,
        "p(99)": 6.452693509999949,
        "avg": 2.685127940969893,
        "min": 1.813223,
        "med": 2.4801295000000003
      },
      "thresholds": {
        "p(95)<2000": {
          "ok": true
        }
      }
    },
    "http_req_blocked": {
      "type": "trend",
      "contains": "time",
      "values": {
        "min": 0.00013,
        "med": 0.0003,
        "max": 57.740542,
        "p(90)": 0.000391,
        "p(95)": 0.000421,
        "p(99)": 0.000551,
        "avg": 0.020203905332969136
      }
    },
    "status_2xx": {
      "type": "counter",
      "contains": "default",
      "values": {
        "count": 179111,
        "rate": 198.78037001000126
      }
    },
    "http_req_connecting": {
      "type": "trend",
      "contains": "time",
      "values": {
        "min": 0,
        "med": 0,
        "max": 27.16001,
        "p(90)": 0,
        "p(95)": 0,
        "p(99)": 0,
        "avg": 0.0056303111405154324
      }
    },
    "http_reqs": {
      "type": "counter",
      "contains": "default",
      "values": {
        "count": 179112,
        "rate": 198.78147982665132
      }
    },
    "data_received": {
      "type": "counter",
      "contains": "data",
      "values": {
        "count": 5808154257,
        "rate": 6445986.300571288
      }
    },
    "iterations": {
      "type": "counter",
      "contains": "default",
      "values": {
        "count": 179111,
        "rate": 198.78037001000126
      }
    },
    "http_req_duration{expected_response:true}": {
      "type": "trend",
      "contains": "time",
      "values": {
        "min": 1.813223,
        "med": 2.4801295000000003,
        "max": 695.411023,
        "p(90)": 3.107542,
        "p(95)": 3.6460797499999957,
        "p(99)": 6.452693509999949,
        "avg": 2.685127940969893
      }
    },
    "pages_tested": {
      "type": "counter",
      "contains": "default",
      "values": {
        "count": 179111,
        "rate": 198.78037001000126
      }
    },
    "gs_iteration": {
      "type": "trend",
      "contains": "time",
      "values": {
        "avg": 502.6499600806204,
        "min": 2,
        "med": 503,
        "max": 1109,
        "p(90)": 904,
        "p(95)": 954,
        "p(99)": 993
      }
    },
    "http_req_receiving": {
      "values": {
        "med": 0.206198,
        "max": 13.087906,
        "p(90)": 0.40281459999999986,
        "p(95)": 0.5255654499999997,
        "p(99)": 0.8174973099999988,
        "avg": 0.2449058888572568,
        "min": 0.039735
      },
      "type": "trend",
      "contains": "time"
    },
    "checks": {
      "type": "rate",
      "contains": "default",
      "values": {
        "rate": 1,
        "passes": 179111,
        "fails": 0
      }
    },
    "http_req_sending": {
      "values": {
        "p(99)": 0.095049,
        "avg": 0.04863365522131379,
        "min": 0.013916,
        "med": 0.043822,
        "max": 0.341629,
        "p(90)": 0.066285,
        "p(95)": 0.073268
      },
      "type": "trend",
      "contains": "time"
    },
    "http_req_waiting": {
      "type": "trend",
      "contains": "time",
      "values": {
        "p(90)": 2.7581929,
        "p(95)": 3.307195749999999,
        "p(99)": 6.034841909999993,
        "avg": 2.391588396891326,
        "min": 1.590484,
        "med": 2.1943954999999997,
        "max": 695.116742
      }
    },
    "data_sent": {
      "type": "counter",
      "contains": "data",
      "values": {
        "count": 40509595,
        "rate": 44958.22301843715
      }
    },
    "gs_error_rate": {
      "thresholds": {
        "rate<0.05": {
          "ok": true
        }
      },
      "type": "rate",
      "contains": "default",
      "values": {
        "rate": 0,
        "passes": 0,
        "fails": 179111
      }
    },
    "vus": {
      "type": "gauge",
      "contains": "default",
      "values": {
        "value": 2,
        "min": 2,
        "max": 100
      }
    },
    "status_200": {
      "type": "counter",
      "contains": "default",
      "values": {
        "count": 179111,
        "rate": 198.78037001000126
      }
    },
    "gs_requests": {
      "type": "counter",
      "contains": "default",
      "values": {
        "count": 179111,
        "rate": 198.78037001000126
      }
    },
    "pages_discovered": {
      "values": {
        "count": 37,
        "rate": 0.041063216052448184
      },
      "type": "counter",
      "contains": "default"
    },
    "status_count": {
      "values": {
        "count": 179111,
        "rate": 198.78037001000126
      },
      "type": "counter",
      "contains": "default"
    }
  },