{
  "state": {
    "isStdOutTTY": false,
    "isStdErrTTY": false,
    "testRunDurationMs": 901007.783622
  },
  "metrics": {
    "http_reqs": {
      "values": {
        "rate": 197.15367972284253,
        "count": 177637
      },
      "type": "counter",
      "contains": "default"
    },
    "gs_error_rate": {
      "type": "rate",
      "contains": "default",
      "values": {
        "rate": 0,
        "passes": 0,
        "fails": 177636
      },
      "thresholds": {
        "rate<0.05": {
          "ok": true
        }
      }
    },
    "http_req_receiving": {
      "type": "trend",
      "contains": "time",
      "values": {
        "p(99)": 1.1498984799999998,
        "avg": 0.2691214358044791,
        "min": 0.029813,
        "med": 0.210643,
        "max": 24.965848,
        "p(90)": 0.43580139999999984,
        "p(95)": 0.6934387999999996
      }
    },
    "gs_requests": {
      "contains": "default",
      "values": {
        "count": 177636,
        "rate": 197.1525698545171
      },
      "type": "counter"
    },
    "http_req_connecting": {
      "values": {
        "p(99)": 0,
        "avg": 0.004059554265158723,
        "min": 0,
        "med": 0,
        "max": 11.029787,
        "p(90)": 0,
        "p(95)": 0
      },
      "type": "trend",
      "contains": "time"
    },
    "iteration_duration": {
      "type": "trend",
      "contains": "time",
      "values": {
        "p(95)": 957.0918705,
        "p(99)": 996.84421255,
        "avg": 506.8455318373343,
        "min": 5.903927,
        "med": 506.8709705,
        "max": 5119.283558,
        "p(90)": 906.6826765
      }
    },
    "http_req_waiting": {
      "contains": "time",
      "values": {
        "min": 5.254234,
        "med": 5.718693,
        "max": 4511.458663,
        "p(90)": 6.4399276,
        "p(95)": 7.035797199999998,
        "p(99)": 10.882525759999996,
        "avg": 6.006188330815016
      },
      "type": "trend"
    },
    "pages_discovered": {
      "type": "counter",
      "contains": "default",
      "values": {
        "count": 37,
        "rate": 0.04106512804058374
      }
    },
    "status_200": {
      "values": {
        "count": 177636,
        "rate": 197.1525698545171
      },
      "type": "counter",
      "contains": "default"
    },
    "http_req_tls_handshaking": {
      "values": {
        "avg": 0.015016663572341353,
        "min": 0,
        "med": 0,
        "max": 51.962082,
        "p(90)": 0,
        "p(95)": 0,
        "p(99)": 0
      },
      "type": "trend",
      "contains": "time"
    },
    "pages_tested": {
      "type": "counter",
      "contains": "default",
      "values": {
        "count": 177636,
        "rate": 197.1525698545171
      }
    },
    "data_received": {
      "type": "counter",
      "contains": "data",
      "values": {
        "count": 5727826037,
        "rate": 6357132.691989036
      }
    },
    "http_req_duration": {
      "type": "trend",
      "contains": "time",
      "values": {
        "avg": 6.322771068403513,
        "min": 5.447582,
        "med": 6.012617,
        "max": 4536.46693,
        "p(90)": 6.853387,
        "p(95)": 7.408261999999996,
        "p(99)": 11.527394439999995
      },
      "thresholds": {
        "p(95)<2000": {
          "ok": true
        }
      }
    },
    "status_count": {
      "type": "counter",
      "contains": "default",
      "values": {
        "count": 177636,
        "rate": 197.1525698545171
      }
    },
    "http_req_duration{expected_response:true}": {
      "type": "trend",
      "contains": "time",
      "values": {
        "avg": 6.322771068403513,
        "min": 5.447582,
        "med": 6.012617,
        "max": 4536.46693,
        "p(90)": 6.853387,
        "p(95)": 7.408261999999996,
        "p(99)": 11.527394439999995
      }
    },
    "checks": {
      "values": {
        "rate": 1,
        "passes": 177636,
        "fails": 0
      },
      "type": "rate",
      "contains": "default"
    },
    "http_req_sending": {
      "type": "trend",
      "contains": "time",
      "values": {
        "avg": 0.04746130178397582,
        "min": 0.012343,
        "med": 0.04259,
        "max": 2.028858,
        "p(90)": 0.06447459999999995,
        "p(95)": 0.071043,
        "p(99)": 0.092613
      }
    },
    "vus_max": {
      "values": {
        "value": 100,
        "min": 100,
        "max": 100
      },
      "type": "gauge",
      "contains": "default"
    },
    "http_req_failed": {
      "contains": "default",
      "values": {
        "passes": 0,
        "fails": 177637,
        "rate": 0
      },
      "type": "rate"
    },
    "status_2xx": {
      "type": "counter",
      "contains": "default",
      "values": {
        "count": 177636,
        "rate": 197.1525698545171
      }
    },
    "data_sent": {
      "type": "counter",
      "contains": "data",
      "values": {
        "count": 39439229,
        "rate": 43772.35104613252
      }
    },
    "gs_iteration": {
      "type": "trend",
      "contains": "time",
      "values": {
        "avg": 506.8360242293229,
        "min": 5,
        "med": 507,
        "max": 5120,
        "p(90)": 907,
        "p(95)": 957,
        "p(99)": 997
      }
    },
    "iterations": {
      "type": "counter",
      "contains": "default",
      "values": {
        "count": 177636,
        "rate": 197.1525698545171
      }
    },
    "gs_latency": {
      "values": {
        "avg": 6.32261375163252,
        "min": 5.447582,
        "med": 6.0126159999999995,
        "max": 4536.46693,
        "p(90)": 6.853377,
        "p(95)": 7.408186499999999,
        "p(99)": 11.525483799999972
      },
      "thresholds": {
        "p(95)<2000": {
          "ok": true
        }
      },
      "type": "trend",
      "contains": "time"
    },
    "http_req_blocked": {
      "type": "trend",
      "contains": "time",
      "values": {
        "avg": 0.019527620642096146,
        "min": 0.00014,
        "med": 0.00029,
        "max": 58.024216,
        "p(90)": 0.000381,
        "p(95)": 0.000411,
        "p(99)": 0.000532
      }
    },
    "vus": {
      "contains": "default",
      "values": {
        "value": 2,
        "min": 2,
        "max": 100
      },
      "type": "gauge"
    }
  },