{
  "state": {
    "isStdOutTTY": false,
    "isStdErrTTY": false,
    "testRunDurationMs": 901017.674417
  },
  "metrics": {
    "iterations": {
      "contains": "default",
      "values": {
        "count": 179092,
        "rate": 198.76635618261406
      },
      "type": "counter"
    },
    "gs_latency": {
      "type": "trend",
      "contains": "time",
      "values": {
        "max": 669.66075,
        "p(90)": 2.0978373,
        "p(95)": 2.3857153999999987,
        "p(99)": 3.46872182,
        "avg": 1.8151322117682773,
        "min": 0.888806,
        "med": 1.5925764999999998
      },
      "thresholds": {
        "p(95)<2000": {
          "ok": true
        }
      }
    },
    "http_req_receiving": {
      "type": "trend",
      "contains": "time",
      "values": {
        "p(95)": 0.48829759999999994,
        "p(99)": 0.7429991999999992,
        "avg": 0.22104294794324594,
        "min": 0.035206,
        "med": 0.179501,
        "max": 14.250487,
        "p(90)": 0.3673688
      }
    },
    "status_2xx": {
      "type": "counter",
      "contains": "default",
      "values": {
        "count": 179092,
        "rate": 198.76635618261406
      }
    },
    "http_reqs": {
      "type": "counter",
      "contains": "default",
      "values": {
        "count": 179093,
        "rate": 198.76746603875606
      }
    },
    "gs_iteration": {
      "type": "trend",
      "contains": "time",
      "values": {
        "max": 1267,
        "p(90)": 903,
        "p(95)": 952,
        "p(99)": 992,
        "avg": 502.692325732026,
        "min": 1,
        "med": 503
      }
    },
    "http_req_duration{expected_response:true}": {
      "type": "trend",
      "contains": "time",
      "values": {
        "min": 0.888806,
        "med": 1.592579,
        "max": 669.66075,
        "p(90)": 2.0978488,
        "p(95)": 2.385755,
        "p(99)": 3.468823399999998,
        "avg": 1.815733088992893
      }
    },
    "iteration_duration": {
      "type": "trend",
      "contains": "time",
      "values": {
        "p(99)": 992.39090842,
        "avg": 502.7059011264802,
        "min": 1.473639,
        "med": 502.82840350000004,
        "max": 1267.386105,
        "p(90)": 902.7449848,
        "p(95)": 952.4188326999999
      }
    },
    "gs_error_rate": {
      "type": "rate",
      "contains": "default",
      "values": {
        "fails": 179092,
        "rate": 0,
        "passes": 0
      },
      "thresholds": {
        "rate<0.05": {
          "ok": true
        }
      }
    },
    "http_req_tls_handshaking": {
      "type": "trend",
      "contains": "time",
      "values": {
        "p(90)": 0,
        "p(95)": 0,
        "p(99)": 0,
        "avg": 0.01447228630934765,
        "min": 0,
        "med": 0,
        "max": 59.035181
      }
    },
    "pages_discovered": {
      "contains": "default",
      "values": {
        "count": 37,
        "rate": 0.04106467725390704
      },
      "type": "counter"
    },
    "vus_max": {
      "type": "gauge",
      "contains": "default",
      "values": {
        "min": 100,
        "max": 100,
        "value": 100
      }
    },
    "pages_tested": {
      "values": {
        "count": 179092,
        "rate": 198.76635618261406
      },
      "type": "counter",
      "contains": "default"
    },
    "http_req_blocked": {
      "type": "trend",
      "contains": "time",
      "values": {
        "p(95)": 0.000391,
        "p(99)": 0.000521,
        "avg": 0.02327795672633228,
        "min": 0.000121,
        "med": 0.000281,
        "max": 74.69209,
        "p(90)": 0.00037
      }
    },
    "vus": {
      "type": "gauge",
      "contains": "default",
      "values": {
        "value": 2,
        "min": 2,
        "max": 100
      }
    },
    "http_req_duration": {
      "type": "trend",
      "contains": "time",
      "values": {
        "p(99)": 3.468823399999998,
        "avg": 1.815733088992893,
        "min": 0.888806,
        "med": 1.592579,
        "max": 669.66075,
        "p(90)": 2.0978488,
        "p(95)": 2.385755
      },
      "thresholds": {
        "p(95)<2000": {
          "ok": true
        }
      }
    },
    "http_req_sending": {
      "contains": "time",
      "values": {
        "avg": 0.049838739029444135,
        "min": 0.024787,
        "med": 0.045315,
        "max": 23.604495,
        "p(90)": 0.06527280000000002,
        "p(95)": 0.071133,
        "p(99)": 0.09175279999999987
      },
      "type": "trend"
    },
    "http_req_failed": {
      "type": "rate",
      "contains": "default",
      "values": {
        "passes": 0,
        "fails": 179093,
        "rate": 0
      }
    },
    "data_received": {
      "contains": "data",
      "values": {
        "count": 5770690674,
        "rate": 6404636.488106522
      },
      "type": "counter"
    },
    "checks": {
      "type": "rate",
      "contains": "default",
      "values": {
        "rate": 1,
        "passes": 179092,
        "fails": 0
      }
    },
    "gs_requests": {
      "values": {
        "count": 179092,
        "rate": 198.76635618261406
      },
      "type": "counter",
      "contains": "default"
    },
    "data_sent": {
      "type": "counter",
      "contains": "data",
      "values": {
        "count": 39302911,
        "rate": 43620.57717173062
      }
    },
    "status_200": {
      "type": "counter",
      "contains": "default",
      "values": {
        "count": 179092,
        "rate": 198.76635618261406
      }
    },
    "http_req_connecting": {
      "values": {
        "min": 0,
        "med": 0,
        "max": 50.146765,
        "p(90)": 0,
        "p(95)": 0,
        "p(99)": 0,
        "avg": 0.00809710027192576
      },
      "type": "trend",
      "contains": "time"
    },
    "http_req_waiting": {
      "type": "trend",
      "contains": "time",
      "values": {
        "min": 0.72482,
        "med": 1.323777,
        "max": 662.45623,
        "p(90)": 1.7796708000000003,
        "p(95)": 2.044666,
        "p(99)": 3.061157159999999,
        "avg": 1.5448514020201871
      }
    },
    "status_count": {
      "type": "counter",
      "contains": "default",
      "values": {
        "count": 179092,
        "rate": 198.76635618261406
      }
    }
  },