{
  "options": {
    "summaryTrendStats": [
      "avg",
      "min",
      "med",
      "max",
      "p(90)",
      "p(95)",
      "p(99)"
    ],
    "summaryTimeUnit": "",
    "noColor": false
  },
  "state": {
    "isStdOutTTY": false,
    "isStdErrTTY": false,
    "testRunDurationMs": 901057.596702
  },
  "metrics": {
    "pages_tested": {
      "type": "counter",
      "contains": "default",
      "values": {
        "count": 178939,
        "rate": 198.58774916824675
      }
    },
    "http_req_sending": {
      "contains": "time",
      "values": {
        "med": 0.051316,
        "max": 0.686655,
        "p(90)": 0.065097,
        "p(95)": 0.071266,
        "p(99)": 0.08953948999999987,
        "avg": 0.05299378375433107,
        "min": 0.022844
      },
      "type": "trend"
    },
    "http_req_blocked": {
      "type": "trend",
      "contains": "time",
      "values": {
        "max": 58.271969,
        "p(90)": 0.000391,
        "p(95)": 0.00047,
        "p(99)": 0.000711,
        "avg": 0.018249751268576864,
        "min": 0.00011,
        "med": 0.0003
      }
    },
    "iteration_duration": {
      "type": "trend",
      "contains": "time",
      "values": {
        "min": 2.204535,
        "med": 502.787396,
        "max": 1856.451752,
        "p(90)": 903.8795048,
        "p(95)": 953.0591371000002,
        "p(99)": 993.2116348799999,
        "avg": 503.13994898123633
      }
    },
    "status_200": {
      "type": "counter",
      "contains": "default",
      "values": {
        "count": 178939,
        "rate": 198.58774916824675
      }
    },
    "http_req_receiving": {
      "values": {
        "avg": 0.23555277118028567,
        "min": 0.043205,
        "med": 0.199417,
        "max": 20.194155,
        "p(90)": 0.4029128,
        "p(95)": 0.515167,
        "p(99)": 0.7384982999999996
      },
      "type": "trend",
      "contains": "time"
    },
    "data_sent": {
      "type": "counter",
      "contains": "data",
      "values": {
        "count": 40788715,
        "rate": 45267.60015041497
      }
    },
    "http_req_duration{expected_response:true}": {
      "type": "trend",
      "contains": "time",
      "values": {
        "min": 1.424943,
        "med": 2.3063165,
        "max": 1219.605019,
        "p(90)": 3.1368844,
        "p(95)": 3.770370549999999,
        "p(99)": 8.257007449999975,
        "avg": 2.5828899013021127
      }
    },
    "vus": {
      "type": "gauge",
      "contains": "default",
      "values": {
        "value": 2,
        "min": 2,
        "max": 100
      }
    },
    "vus_max": {
      "type": "gauge",
      "contains": "default",
      "values": {
        "value": 100,
        "min": 100,
        "max": 100
      }
    },
    "status_2xx": {
      "type": "counter",
      "contains": "default",
      "values": {
        "count": 178939,
        "rate": 198.58774916824675
      }
    },
    "checks": {
      "contains": "default",
      "values": {
        "fails": 0,
        "rate": 1,
        "passes": 178939
      },
      "type": "rate"
    },
    "gs_requests": {
      "values": {
        "count": 178939,
        "rate": 198.58774916824675
      },
      "type": "counter",
      "contains": "default"
    },
    "http_req_duration": {
      "thresholds": {
        "p(95)<2000": {
          "ok": true
        }
      },
      "type": "trend",
      "contains": "time",
      "values": {
        "p(99)": 8.257007449999975,
        "avg": 2.5828899013021127,
        "min": 1.424943,
        "med": 2.3063165,
        "max": 1219.605019,
        "p(90)": 3.1368844,
        "p(95)": 3.770370549999999
      }
    },
    "http_reqs": {
      "type": "counter",
      "contains": "default",
      "values": {
        "count": 178940,
        "rate": 198.58885897521543
      }
    },
    "gs_latency": {
      "contains": "time",
      "values": {
        "p(99)": 8.253023459999964,
        "avg": 2.58228770882815,
        "min": 1.424943,
        "med": 2.306316,
        "max": 1219.605019,
        "p(90)": 3.1368596,
        "p(95)": 3.770208600000001
      },
      "thresholds": {
        "p(95)<2000": {
          "ok": true
        }
      },
      "type": "trend"
    },
    "http_req_failed": {
      "values": {
        "passes": 0,
        "fails": 178940,
        "rate": 0
      },
      "type": "rate",
      "contains": "default"
    },
    "gs_iteration": {
      "type": "trend",
      "contains": "time",
      "values": {
        "med": 503,
        "max": 1856,
        "p(90)": 904,
        "p(95)": 953,
        "p(99)": 993,
        "avg": 503.1287645510481,
        "min": 2
      }
    },
    "data_received": {
      "type": "counter",
      "contains": "data",
      "values": {
        "count": 5788573419,
        "rate": 6424199.119109599
      }
    },
    "http_req_connecting": {
      "type": "trend",
      "contains": "time",
      "values": {
        "p(99)": 0,
        "avg": 0.0045652830501844216,
        "min": 0,
        "med": 0,
        "max": 20.394311,
        "p(90)": 0,
        "p(95)": 0
      }
    },
    "http_req_tls_handshaking": {
      "values": {
        "p(95)": 0,
        "p(99)": 0,
        "avg": 0.01319760964569129,
        "min": 0,
        "med": 0,
        "max": 49.889582,
        "p(90)": 0
      },
      "type": "trend",
      "contains": "time"
    },
    "status_count": {
      "type": "counter",
      "contains": "default",
      "values": {
        "count": 178939,
        "rate": 198.58774916824675
      }
    },
    "pages_discovered": {
      "contains": "default",
      "values": {
        "count": 37,
        "rate": 0.041062857841080644
      },
      "type": "counter"
    },
    "iterations": {
      "contains": "default",
      "values": {
        "count": 178939,
        "rate": 198.58774916824675
      },
      "type": "counter"
    },
    "gs_error_rate": {
      "thresholds": {
        "rate<0.05": {
          "ok": true
        }
      },
      "type": "rate",
      "contains": "default",
      "values": {
        "rate": 0,
        "passes": 0,
        "fails": 178939
      }
    },
    "http_req_waiting": {
      "type": "trend",
      "contains": "time",
      "values": {
        "min": 1.208218,
        "med": 2.0234734999999997,
        "max": 1203.306,
        "p(90)": 2.8255724,
        "p(95)": 3.4517698499999994,
        "p(99)": 7.904363079999889,
        "avg": 2.2943433463675342
      }
    }
  },