{
  "options": {
    "summaryTrendStats": [
      "avg",
      "min",
      "med",
      "max",
      "p(90)",
      "p(95)",
      "p(99)"
    ],
    "summaryTimeUnit": "",
    "noColor": false
  },
  "state": {
    "isStdOutTTY": false,
    "isStdErrTTY": false,
    "testRunDurationMs": 481056.123436
  },
  "metrics": {
    "checks": {
      "type": "rate",
      "contains": "default",
      "values": {
        "fails": 0,
        "rate": 1,
        "passes": 95681
      }
    },
    "gs_latency": {
      "values": {
        "p(90)": 2.013159,
        "p(95)": 2.340505,
        "p(99)": 3.9057243999999978,
        "avg": 1.8032544518033937,
        "min": 0.793802,
        "med": 1.544877,
        "max": 295.511156
      },
      "thresholds": {
        "p(95)<2000": {
          "ok": true
        }
      },
      "type": "trend",
      "contains": "time"
    },
    "status_2xx": {
      "type": "counter",
      "contains": "default",
      "values": {
        "count": 95681,
        "rate": 198.89779037960724
      }
    },
    "http_req_waiting": {
      "values": {
        "avg": 1.5164624011517287,
        "min": 0.628081,
        "med": 1.2702165,
        "max": 295.293487,
        "p(90)": 1.6684247,
        "p(95)": 1.9891909499999991,
        "p(99)": 3.4059245400000027
      },
      "type": "trend",
      "contains": "time"
    },
    "data_sent": {
      "values": {
        "count": 21294632,
        "rate": 44266.41916103382
      },
      "type": "counter",
      "contains": "data"
    },
    "iteration_duration": {
      "type": "trend",
      "contains": "time",
      "values": {
        "max": 1199.737042,
        "p(90)": 901.52069,
        "p(95)": 951.956783,
        "p(99)": 992.2601558,
        "avg": 502.01258405318254,
        "min": 1.587259,
        "med": 502.264594
      }
    },
    "http_req_duration{expected_response:true}": {
      "type": "trend",
      "contains": "time",
      "values": {
        "p(95)": 2.3406987999999993,
        "p(99)": 3.906653750000004,
        "avg": 1.8042425648815916,
        "min": 0.793802,
        "med": 1.5448825,
        "max": 295.511156,
        "p(90)": 2.0131653000000003
      }
    },
    "pages_discovered": {
      "type": "counter",
      "contains": "default",
      "values": {
        "count": 37,
        "rate": 0.07691410252866784
      }
    },
    "http_req_blocked": {
      "type": "trend",
      "contains": "time",
      "values": {
        "avg": 0.024915450743083798,
        "min": 0.000151,
        "med": 0.000291,
        "max": 48.514009,
        "p(90)": 0.000381,
        "p(95)": 0.000411,
        "p(99)": 0.000532
      }
    },
    "http_req_receiving": {
      "type": "trend",
      "contains": "time",
      "values": {
        "max": 13.393161,
        "p(90)": 0.4019519,
        "p(95)": 0.5236256499999998,
        "p(99)": 0.7787695600000007,
        "avg": 0.23944438812943147,
        "min": 0.033653,
        "med": 0.1984785
      }
    },
    "http_req_failed": {
      "type": "rate",
      "contains": "default",
      "values": {
        "rate": 0,
        "passes": 0,
        "fails": 95682
      }
    },
    "status_200": {
      "contains": "default",
      "values": {
        "count": 95681,
        "rate": 198.89779037960724
      },
      "type": "counter"
    },
    "pages_tested": {
      "type": "counter",
      "contains": "default",
      "values": {
        "count": 95681,
        "rate": 198.89779037960724
      }
    },
    "http_reqs": {
      "contains": "default",
      "values": {
        "count": 95682,
        "rate": 198.89986913913506
      },
      "type": "counter"
    },
    "data_received": {
      "type": "counter",
      "contains": "data",
      "values": {
        "count": 3090513622,
        "rate": 6424434.637533855
      }
    },
    "gs_iteration": {
      "type": "trend",
      "contains": "time",
      "values": {
        "max": 1199,
        "p(90)": 902,
        "p(95)": 952,
        "p(99)": 992,
        "avg": 501.99931020787824,
        "min": 2,
        "med": 502
      }
    },
    "gs_requests": {
      "type": "counter",
      "contains": "default",
      "values": {
        "count": 95681,
        "rate": 198.89779037960724
      }
    },
    "vus_max": {
      "type": "gauge",
      "contains": "default",
      "values": {
        "value": 100,
        "min": 100,
        "max": 100
      }
    },
    "gs_error_rate": {
      "type": "rate",
      "contains": "default",
      "values": {
        "rate": 0,
        "passes": 0,
        "fails": 95681
      },
      "thresholds": {
        "rate<0.05": {
          "ok": true
        }
      }
    },
    "http_req_sending": {
      "type": "trend",
      "contains": "time",
      "values": {
        "p(95)": 0.07083159999999998,
        "p(99)": 0.09162290000000002,
        "avg": 0.048335775600426456,
        "min": 0.023213,
        "med": 0.043772,
        "max": 0.400348,
        "p(90)": 0.064761
      }
    },
    "http_req_tls_handshaking": {
      "type": "trend",
      "contains": "time",
      "values": {
        "p(95)": 0,
        "p(99)": 0,
        "avg": 0.0149710500512113,
        "min": 0,
        "med": 0,
        "max": 45.866492,
        "p(90)": 0
      }
    },
    "status_count": {
      "type": "counter",
      "contains": "default",
      "values": {
        "count": 95681,
        "rate": 198.89779037960724
      }
    },
    "http_req_connecting": {
      "type": "trend",
      "contains": "time",
      "values": {
        "p(90)": 0,
        "p(95)": 0,
        "p(99)": 0,
        "avg": 0.009269389603060138,
        "min": 0,
        "med": 0,
        "max": 35.677296
      }
    },
    "iterations": {
      "type": "counter",
      "contains": "default",
      "values": {
        "count": 95681,
        "rate": 198.89779037960724
      }
    },
    "vus": {
      "type": "gauge",
      "contains": "default",
      "values": {
        "value": 4,
        "min": 4,
        "max": 100
      }
    },
    "http_req_duration": {
      "type": "trend",
      "contains": "time",
      "values": {
        "avg": 1.8042425648815916,
        "min": 0.793802,
        "med": 1.5448825,
        "max": 295.511156,
        "p(90)": 2.0131653000000003,
        "p(95)": 2.3406987999999993,
        "p(99)": 3.906653750000004
      },
      "thresholds": {
        "p(95)<2000": {
          "ok": true
        }
      }
    }
  },