{
  "state": {
    "isStdOutTTY": false,
    "isStdErrTTY": false,
    "testRunDurationMs": 900959.605523
  },
  "metrics": {
    "checks": {
      "values": {
        "rate": 1,
        "passes": 178665,
        "fails": 0
      },
      "type": "rate",
      "contains": "default"
    },
    "pages_tested": {
      "contains": "default",
      "values": {
        "count": 178665,
        "rate": 198.3052280088477
      },
      "type": "counter"
    },
    "http_req_duration": {
      "thresholds": {
        "p(95)<2000": {
          "ok": true
        }
      },
      "type": "trend",
      "contains": "time",
      "values": {
        "min": 1.517964,
        "med": 2.5420055,
        "max": 2415.684741,
        "p(90)": 4.052766999999999,
        "p(95)": 5.452774,
        "p(99)": 14.45858780000001,
        "avg": 3.1490873842924927
      }
    },
    "http_reqs": {
      "type": "counter",
      "contains": "default",
      "values": {
        "count": 178666,
        "rate": 198.30633793652245
      }
    },
    "http_req_blocked": {
      "type": "trend",
      "contains": "time",
      "values": {
        "p(95)": 0.00045,
        "p(99)": 0.000601,
        "avg": 0.020691742676282147,
        "min": 0.00013,
        "med": 0.00029,
        "max": 57.093694,
        "p(90)": 0.000391
      }
    },
    "http_req_sending": {
      "type": "trend",
      "contains": "time",
      "values": {
        "min": 0.015269,
        "med": 0.047308,
        "max": 14.040261,
        "p(90)": 0.0703315,
        "p(95)": 0.078116,
        "p(99)": 0.10359000000000011,
        "avg": 0.05195745740655735
      }
    },
    "http_req_connecting": {
      "values": {
        "p(95)": 0,
        "p(99)": 0,
        "avg": 0.006940918451188247,
        "min": 0,
        "med": 0,
        "max": 30.670632,
        "p(90)": 0
      },
      "type": "trend",
      "contains": "time"
    },
    "vus_max": {
      "contains": "default",
      "values": {
        "min": 100,
        "max": 100,
        "value": 100
      },
      "type": "gauge"
    },
    "gs_latency": {
      "contains": "time",
      "values": {
        "avg": 3.1487810740044346,
        "min": 1.517964,
        "med": 2.541999,
        "max": 2415.684741,
        "p(90)": 4.0525944,
        "p(95)": 5.452702999999996,
        "p(99)": 14.456808479999975
      },
      "thresholds": {
        "p(95)<2000": {
          "ok": true
        }
      },
      "type": "trend"
    },
    "http_req_waiting": {
      "type": "trend",
      "contains": "time",
      "values": {
        "p(95)": 5.0342917499999995,
        "p(99)": 13.859340550000006,
        "avg": 2.8125909531528066,
        "min": 1.28904,
        "med": 2.2223759999999997,
        "max": 2395.626727,
        "p(90)": 3.6956755
      }
    },
    "gs_iteration": {
      "type": "trend",
      "contains": "time",
      "values": {
        "avg": 503.9143928581423,
        "min": 2,
        "med": 504,
        "max": 2669,
        "p(90)": 905,
        "p(95)": 955,
        "p(99)": 994
      }
    },
    "vus": {
      "type": "gauge",
      "contains": "default",
      "values": {
        "value": 100,
        "min": 100,
        "max": 100
      }
    },
    "iteration_duration": {
      "type": "trend",
      "contains": "time",
      "values": {
        "med": 503.875436,
        "max": 2668.759759,
        "p(90)": 904.6150916,
        "p(95)": 954.6301136,
        "p(99)": 993.8516359199998,
        "avg": 503.9307500569702,
        "min": 2.5184
      }
    },
    "data_sent": {
      "values": {
        "count": 39712710,
        "rate": 44078.235868240816
      },
      "type": "counter",
      "contains": "data"
    },
    "status_count": {
      "values": {
        "count": 178665,
        "rate": 198.3052280088477
      },
      "type": "counter",
      "contains": "default"
    },
    "status_2xx": {
      "contains": "default",
      "values": {
        "count": 178665,
        "rate": 198.3052280088477
      },
      "type": "counter"
    },
    "gs_requests": {
      "type": "counter",
      "contains": "default",
      "values": {
        "count": 178665,
        "rate": 198.3052280088477
      }
    },
    "iterations": {
      "type": "counter",
      "contains": "default",
      "values": {
        "count": 178665,
        "rate": 198.3052280088477
      }
    },
    "http_req_duration{expected_response:true}": {
      "values": {
        "max": 2415.684741,
        "p(90)": 4.052766999999999,
        "p(95)": 5.452774,
        "p(99)": 14.45858780000001,
        "avg": 3.1490873842924927,
        "min": 1.517964,
        "med": 2.5420055
      },
      "type": "trend",
      "contains": "time"
    },
    "pages_discovered": {
      "type": "counter",
      "contains": "default",
      "values": {
        "count": 37,
        "rate": 0.04106732396567523
      }
    },
    "http_req_failed": {
      "contains": "default",
      "values": {
        "rate": 0,
        "passes": 0,
        "fails": 178666
      },
      "type": "rate"
    },
    "http_req_tls_handshaking": {
      "values": {
        "p(90)": 0,
        "p(95)": 0,
        "p(99)": 0,
        "avg": 0.013317970749890858,
        "min": 0,
        "med": 0,
        "max": 52.352679
      },
      "type": "trend",
      "contains": "time"
    },
    "http_req_receiving": {
      "contains": "time",
      "values": {
        "min": 0.032731,
        "med": 0.225982,
        "max": 37.397596,
        "p(90)": 0.4920055,
        "p(95)": 0.6439325,
        "p(99)": 1.0651868000000015,
        "avg": 0.28453897373310716
      },
      "type": "trend"
    },
    "status_200": {
      "type": "counter",
      "contains": "default",
      "values": {
        "count": 178665,
        "rate": 198.3052280088477
      }
    },
    "gs_error_rate": {
      "type": "rate",
      "contains": "default",
      "values": {
        "rate": 0,
        "passes": 0,
        "fails": 178665
      },
      "thresholds": {
        "rate<0.05": {
          "ok": true
        }
      }
    },
    "data_received": {
      "type": "counter",
      "contains": "data",
      "values": {
        "count": 5753777355,
        "rate": 6386276.720652727
      }
    }
  },