{
  "state": {
    "isStdOutTTY": false,
    "isStdErrTTY": false,
    "testRunDurationMs": 901024.25986
  },
  "metrics": {
    "vus_max": {
      "type": "gauge",
      "contains": "default",
      "values": {
        "value": 100,
        "min": 100,
        "max": 100
      }
    },
    "http_reqs": {
      "type": "counter",
      "contains": "default",
      "values": {
        "count": 178405,
        "rate": 198.00243783416036
      }
    },
    "gs_requests": {
      "type": "counter",
      "contains": "default",
      "values": {
        "count": 178404,
        "rate": 198.00132798613012
      }
    },
    "http_req_duration{expected_response:true}": {
      "type": "trend",
      "contains": "time",
      "values": {
        "p(95)": 4.916464999999999,
        "p(99)": 12.633200199999989,
        "avg": 3.0499997382976947,
        "min": 1.42529,
        "med": 2.531906,
        "max": 1641.442194,
        "p(90)": 3.8414144000000006
      }
    },
    "http_req_tls_handshaking": {
      "type": "trend",
      "contains": "time",
      "values": {
        "avg": 0.012210952972170062,
        "min": 0,
        "med": 0,
        "max": 51.673184,
        "p(90)": 0,
        "p(95)": 0,
        "p(99)": 0
      }
    },
    "status_2xx": {
      "type": "counter",
      "contains": "default",
      "values": {
        "count": 178404,
        "rate": 198.00132798613012
      }
    },
    "gs_latency": {
      "thresholds": {
        "p(95)<2000": {
          "ok": true
        }
      },
      "type": "trend",
      "contains": "time",
      "values": {
        "max": 1641.442194,
        "p(90)": 3.8413754,
        "p(95)": 4.916364100000002,
        "p(99)": 12.631936180000002,
        "avg": 3.0499071116062444,
        "min": 1.42529,
        "med": 2.5319010000000004
      }
    },
    "vus": {
      "contains": "default",
      "values": {
        "value": 4,
        "min": 4,
        "max": 100
      },
      "type": "gauge"
    },
    "gs_error_rate": {
      "type": "rate",
      "contains": "default",
      "values": {
        "rate": 0,
        "passes": 0,
        "fails": 178404
      },
      "thresholds": {
        "rate<0.05": {
          "ok": true
        }
      }
    },
    "http_req_sending": {
      "type": "trend",
      "contains": "time",
      "values": {
        "p(95)": 0.077505,
        "p(99)": 0.10028819999999984,
        "avg": 0.05577274866175194,
        "min": 0.015633,
        "med": 0.053669,
        "max": 3.16881,
        "p(90)": 0.069393
      }
    },
    "status_count": {
      "type": "counter",
      "contains": "default",
      "values": {
        "count": 178404,
        "rate": 198.00132798613012
      }
    },
    "http_req_duration": {
      "type": "trend",
      "contains": "time",
      "values": {
        "avg": 3.0499997382976947,
        "min": 1.42529,
        "med": 2.531906,
        "max": 1641.442194,
        "p(90)": 3.8414144000000006,
        "p(95)": 4.916464999999999,
        "p(99)": 12.633200199999989
      },
      "thresholds": {
        "p(95)<2000": {
          "ok": true
        }
      }
    },
    "checks": {
      "type": "rate",
      "contains": "default",
      "values": {
        "rate": 1,
        "passes": 178404,
        "fails": 0
      }
    },
    "iterations": {
      "type": "counter",
      "contains": "default",
      "values": {
        "count": 178404,
        "rate": 198.00132798613012
      }
    },
    "http_req_waiting": {
      "type": "trend",
      "contains": "time",
      "values": {
        "p(90)": 3.5336296,
        "p(95)": 4.579093399999998,
        "p(99)": 12.139303559999988,
        "avg": 2.7539453786216606,
        "min": 1.241557,
        "med": 2.243483,
        "max": 1640.778239
      }
    },
    "pages_tested": {
      "type": "counter",
      "contains": "default",
      "values": {
        "count": 178404,
        "rate": 198.00132798613012
      }
    },
    "http_req_failed": {
      "contains": "default",
      "values": {
        "rate": 0,
        "passes": 0,
        "fails": 178405
      },
      "type": "rate"
    },
    "iteration_duration": {
      "type": "trend",
      "contains": "time",
      "values": {
        "avg": 504.6468417142941,
        "min": 2.10992,
        "med": 504.578205,
        "max": 2210.562518,
        "p(90)": 904.0652779000002,
        "p(95)": 953.9926864,
        "p(99)": 993.5299775
      }
    },
    "pages_discovered": {
      "values": {
        "count": 37,
        "rate": 0.041064377118712664
      },
      "type": "counter",
      "contains": "default"
    },
    "http_req_receiving": {
      "type": "trend",
      "contains": "time",
      "values": {
        "med": 0.193157,
        "max": 82.568517,
        "p(90)": 0.4220920000000001,
        "p(95)": 0.5435811999999998,
        "p(99)": 0.8064459999999979,
        "avg": 0.2402816110142666,
        "min": 0.031908
      }
    },
    "data_received": {
      "contains": "data",
      "values": {
        "count": 5729957845,
        "rate": 6359382.427605571
      },
      "type": "counter"
    },
    "gs_iteration": {
      "type": "trend",
      "contains": "time",
      "values": {
        "avg": 504.6311125311092,
        "min": 2,
        "med": 505,
        "max": 2210,
        "p(90)": 904,
        "p(95)": 954,
        "p(99)": 993.9700000000012
      }
    },
    "http_req_blocked": {
      "type": "trend",
      "contains": "time",
      "values": {
        "p(99)": 0.000801,
        "avg": 0.024163907087803114,
        "min": 0.00011,
        "med": 0.000311,
        "max": 79.912373,
        "p(90)": 0.000421,
        "p(95)": 0.000501
      }
    },
    "http_req_connecting": {
      "type": "trend",
      "contains": "time",
      "values": {
        "min": 0,
        "med": 0,
        "max": 52.93565,
        "p(90)": 0,
        "p(95)": 0,
        "p(99)": 0,
        "avg": 0.01106775027045206
      }
    },
    "data_sent": {
      "contains": "data",
      "values": {
        "count": 39143263,
        "rate": 43443.073337539245
      },
      "type": "counter"
    },
    "status_200": {
      "type": "counter",
      "contains": "default",
      "values": {
        "count": 178404,
        "rate": 198.00132798613012
      }
    }
  },