{
  "state": {
    "isStdOutTTY": false,
    "isStdErrTTY": false,
    "testRunDurationMs": 900990.968249
  },
  "metrics": {
    "http_reqs": {
      "type": "counter",
      "contains": "default",
      "values": {
        "count": 179059,
        "rate": 198.73562145465905
      }
    },
    "data_received": {
      "type": "counter",
      "contains": "data",
      "values": {
        "count": 5770446599,
        "rate": 6404555.431020997
      }
    },
    "http_req_duration{expected_response:true}": {
      "type": "trend",
      "contains": "time",
      "values": {
        "p(90)": 2.2010732000000006,
        "p(95)": 2.4908165,
        "p(99)": 3.5078483000000014,
        "avg": 1.8713638520989992,
        "min": 0.793216,
        "med": 1.676405,
        "max": 190.717424
      }
    },
    "status_2xx": {
      "type": "counter",
      "contains": "default",
      "values": {
        "count": 179058,
        "rate": 198.73451156561993
      }
    },
    "http_req_connecting": {
      "contains": "time",
      "values": {
        "p(95)": 0,
        "p(99)": 0,
        "avg": 0.008665358027242418,
        "min": 0,
        "med": 0,
        "max": 57.240481,
        "p(90)": 0
      },
      "type": "trend"
    },
    "vus": {
      "type": "gauge",
      "contains": "default",
      "values": {
        "value": 2,
        "min": 2,
        "max": 100
      }
    },
    "http_req_blocked": {
      "type": "trend",
      "contains": "time",
      "values": {
        "avg": 0.022739065319252627,
        "min": 0.00014,
        "med": 0.00029,
        "max": 73.093593,
        "p(90)": 0.000371,
        "p(95)": 0.00041,
        "p(99)": 0.000552
      }
    },
    "gs_requests": {
      "type": "counter",
      "contains": "default",
      "values": {
        "count": 179058,
        "rate": 198.73451156561993
      }
    },
    "gs_latency": {
      "type": "trend",
      "contains": "time",
      "values": {
        "p(90)": 2.201030400000001,
        "p(95)": 2.4907991,
        "p(99)": 3.5077504099999994,
        "avg": 1.8707893852885362,
        "min": 0.793216,
        "med": 1.676405,
        "max": 190.717424
      },
      "thresholds": {
        "p(95)<2000": {
          "ok": true
        }
      }
    },
    "http_req_duration": {
      "contains": "time",
      "values": {
        "avg": 1.8713638520989992,
        "min": 0.793216,
        "med": 1.676405,
        "max": 190.717424,
        "p(90)": 2.2010732000000006,
        "p(95)": 2.4908165,
        "p(99)": 3.5078483000000014
      },
      "thresholds": {
        "p(95)<2000": {
          "ok": true
        }
      },
      "type": "trend"
    },
    "http_req_waiting": {
      "type": "trend",
      "contains": "time",
      "values": {
        "p(99)": 3.099429900000006,
        "avg": 1.5934873350962784,
        "min": 0.627594,
        "med": 1.40047,
        "max": 188.98784,
        "p(90)": 1.8806504000000002,
        "p(95)": 2.1493157000000007
      }
    },
    "gs_error_rate": {
      "type": "rate",
      "contains": "default",
      "values": {
        "rate": 0,
        "passes": 0,
        "fails": 179058
      },
      "thresholds": {
        "rate<0.05": {
          "ok": true
        }
      }
    },
    "http_req_receiving": {
      "type": "trend",
      "contains": "time",
      "values": {
        "min": 0.031579,
        "med": 0.185607,
        "max": 33.239634,
        "p(90)": 0.381744,
        "p(95)": 0.4956592000000001,
        "p(99)": 0.7289642600000014,
        "avg": 0.22707789063381706
      }
    },
    "status_count": {
      "type": "counter",
      "contains": "default",
      "values": {
        "count": 179058,
        "rate": 198.73451156561993
      }
    },
    "http_req_failed": {
      "contains": "default",
      "values": {
        "passes": 0,
        "fails": 179059,
        "rate": 0
      },
      "type": "rate"
    },
    "pages_discovered": {
      "type": "counter",
      "contains": "default",
      "values": {
        "count": 37,
        "rate": 0.0410658944472067
      }
    },
    "data_sent": {
      "type": "counter",
      "contains": "data",
      "values": {
        "count": 39755933,
        "rate": 44124.674276438425
      }
    },
    "gs_iteration": {
      "values": {
        "med": 502,
        "max": 1182,
        "p(90)": 903,
        "p(95)": 953,
        "p(99)": 992,
        "avg": 502.80115940086455,
        "min": 2
      },
      "type": "trend",
      "contains": "time"
    },
    "vus_max": {
      "contains": "default",
      "values": {
        "value": 100,
        "min": 100,
        "max": 100
      },
      "type": "gauge"
    },
    "http_req_tls_handshaking": {
      "values": {
        "p(95)": 0,
        "p(99)": 0,
        "avg": 0.013478667333113667,
        "min": 0,
        "med": 0,
        "max": 64.039144,
        "p(90)": 0
      },
      "type": "trend",
      "contains": "time"
    },
    "iterations": {
      "values": {
        "count": 179058,
        "rate": 198.73451156561993
      },
      "type": "counter",
      "contains": "default"
    },
    "pages_tested": {
      "type": "counter",
      "contains": "default",
      "values": {
        "count": 179058,
        "rate": 198.73451156561993
      }
    },
    "checks": {
      "type": "rate",
      "contains": "default",
      "values": {
        "passes": 179058,
        "fails": 0,
        "rate": 1
      }
    },
    "http_req_sending": {
      "values": {
        "p(90)": 0.0678688000000001,
        "p(95)": 0.075411,
        "p(99)": 0.10099218000000038,
        "avg": 0.05079862636896369,
        "min": 0.024065,
        "med": 0.046176,
        "max": 14.398741
      },
      "type": "trend",
      "contains": "time"
    },
    "status_200": {
      "contains": "default",
      "values": {
        "count": 179058,
        "rate": 198.73451156561993
      },
      "type": "counter"
    },
    "iteration_duration": {
      "type": "trend",
      "contains": "time",
      "values": {
        "min": 1.671727,
        "med": 502.2237455,
        "max": 1181.440963,
        "p(90)": 902.7810297999999,
        "p(95)": 952.7390406999999,
        "p(99)": 992.4487241199998,
        "avg": 502.8158431686912
      }
    }
  },