{
  "metrics": {
    "status_200": {
      "type": "counter",
      "contains": "default",
      "values": {
        "count": 173563,
        "rate": 192.62038117600144
      }
    },
    "vus_max": {
      "type": "gauge",
      "contains": "default",
      "values": {
        "value": 100,
        "min": 100,
        "max": 100
      }
    },
    "gs_error_rate": {
      "contains": "default",
      "values": {
        "rate": 0,
        "passes": 0,
        "fails": 173563
      },
      "thresholds": {
        "rate<0.05": {
          "ok": true
        }
      },
      "type": "rate"
    },
    "iteration_duration": {
      "type": "trend",
      "contains": "time",
      "values": {
        "p(90)": 918.6659972000001,
        "p(95)": 968.9742282,
        "p(99)": 1008.63387506,
        "avg": 518.7170457729184,
        "min": 17.808873,
        "med": 518.670372,
        "max": 1161.835675
      }
    },
    "http_req_duration{expected_response:true}": {
      "type": "trend",
      "contains": "time",
      "values": {
        "min": 17.10726,
        "med": 17.8462335,
        "max": 212.764384,
        "p(90)": 19.107144599999998,
        "p(95)": 20.005530450000002,
        "p(99)": 21.87545973,
        "avg": 18.239996910326855
      }
    },
    "http_req_sending": {
      "type": "trend",
      "contains": "time",
      "values": {
        "p(90)": 0.062913,
        "p(95)": 0.069242,
        "p(99)": 0.08594006999999995,
        "avg": 0.053273594230368725,
        "min": 0.012098,
        "med": 0.052227,
        "max": 1.693916
      }
    },
    "http_req_waiting": {
      "type": "trend",
      "contains": "time",
      "values": {
        "avg": 17.67937727983916,
        "min": 15.640301,
        "med": 17.502964,
        "max": 207.629144,
        "p(90)": 18.0161012,
        "p(95)": 18.43055575,
        "p(99)": 20.185656769999998
      }
    },
    "gs_requests": {
      "contains": "default",
      "values": {
        "count": 173563,
        "rate": 192.62038117600144
      },
      "type": "counter"
    },
    "pages_discovered": {
      "type": "counter",
      "contains": "default",
      "values": {
        "count": 37,
        "rate": 0.04106263491361669
      }
    },
    "pages_tested": {
      "type": "counter",
      "contains": "default",
      "values": {
        "count": 173563,
        "rate": 192.62038117600144
      }
    },
    "gs_iteration": {
      "contains": "time",
      "values": {
        "p(95)": 969,
        "p(99)": 1009,
        "avg": 518.7006101530857,
        "min": 17,
        "med": 519,
        "max": 1161,
        "p(90)": 919
      },
      "type": "trend"
    },
    "http_req_blocked": {
      "values": {
        "max": 86.670323,
        "p(90)": 0.00042,
        "p(95)": 0.000491,
        "p(99)": 0.000801,
        "avg": 0.035611769162966364,
        "min": 0.000111,
        "med": 0.000311
      },
      "type": "trend",
      "contains": "time"
    },
    "iterations": {
      "type": "counter",
      "contains": "default",
      "values": {
        "count": 173563,
        "rate": 192.62038117600144
      }
    },
    "vus": {
      "type": "gauge",
      "contains": "default",
      "values": {
        "value": 2,
        "min": 2,
        "max": 100
      }
    },
    "data_received": {
      "values": {
        "rate": 6180045.479658628,
        "count": 5568607159
      },
      "type": "counter",
      "contains": "data"
    },
    "status_2xx": {
      "values": {
        "count": 173563,
        "rate": 192.62038117600144
      },
      "type": "counter",
      "contains": "default"
    },
    "http_req_connecting": {
      "type": "trend",
      "contains": "time",
      "values": {
        "med": 0,
        "max": 24.307897,
        "p(90)": 0,
        "p(95)": 0,
        "p(99)": 0,
        "avg": 0.010897518269917727,
        "min": 0
      }
    },
    "http_req_failed": {
      "type": "rate",
      "contains": "default",
      "values": {
        "rate": 0,
        "passes": 0,
        "fails": 173564
      }
    },
    "data_sent": {
      "type": "counter",
      "contains": "data",
      "values": {
        "count": 38148523,
        "rate": 42337.26682277593
      }
    },
    "gs_latency": {
      "type": "trend",
      "contains": "time",
      "values": {
        "p(90)": 19.107078,
        "p(95)": 20.0050848,
        "p(99)": 21.875298320000002,
        "avg": 18.23969393201875,
        "min": 17.10726,
        "med": 17.846231,
        "max": 212.764384
      },
      "thresholds": {
        "p(95)<2000": {
          "ok": true
        }
      }
    },
    "http_req_duration": {
      "type": "trend",
      "contains": "time",
      "values": {
        "avg": 18.239996910326855,
        "min": 17.10726,
        "med": 17.8462335,
        "max": 212.764384,
        "p(90)": 19.107144599999998,
        "p(95)": 20.005530450000002,
        "p(99)": 21.87545973
      },
      "thresholds": {
        "p(95)<2000": {
          "ok": true
        }
      }
    },
    "http_req_receiving": {
      "type": "trend",
      "contains": "time",
      "values": {
        "avg": 0.507346036257513,
        "min": 0.034902,
        "med": 0.2089355,
        "max": 102.746674,
        "p(90)": 1.1497376000000001,
        "p(95)": 1.8812325000000003,
        "p(99)": 3.7842435699999997
      }
    },
    "status_count": {
      "type": "counter",
      "contains": "default",
      "values": {
        "count": 173563,
        "rate": 192.62038117600144
      }
    },
    "checks": {
      "contains": "default",
      "values": {
        "passes": 173563,
        "fails": 0,
        "rate": 1
      },
      "type": "rate"
    },
    "http_reqs": {
      "type": "counter",
      "contains": "default",
      "values": {
        "count": 173564,
        "rate": 192.62149097694507
      }
    },
    "http_req_tls_handshaking": {
      "type": "trend",
      "contains": "time",
      "values": {
        "p(99)": 0,
        "avg": 0.024181796524624936,
        "min": 0,
        "med": 0,
        "max": 69.301646,
        "p(90)": 0,
        "p(95)": 0
      }
    }
  },