{
  "options": {
    "summaryTrendStats": [
      "avg",
      "min",
      "med",
      "max",
      "p(90)",
      "p(95)",
      "p(99)"
    ],
    "summaryTimeUnit": "",
    "noColor": false
  },
  "state": {
    "isStdOutTTY": false,
    "isStdErrTTY": false,
    "testRunDurationMs": 901020.670776
  },
  "metrics": {
    "http_req_receiving": {
      "type": "trend",
      "contains": "time",
      "values": {
        "avg": 0.2154127275594424,
        "min": 0,
        "med": 0.177652,
        "max": 14.473296,
        "p(90)": 0.3570768,
        "p(95)": 0.4663649999999997,
        "p(99)": 0.6959390000000002
      }
    },
    "iteration_duration": {
      "contains": "time",
      "values": {
        "p(99)": 992.75616035,
        "avg": 501.68810140761803,
        "min": 1.42678,
        "med": 500.42285400000003,
        "max": 1797.308068,
        "p(90)": 902.1970246,
        "p(95)": 953.28205785
      },
      "type": "trend"
    },
    "http_req_waiting": {
      "type": "trend",
      "contains": "time",
      "values": {
        "avg": 1.5706337992399408,
        "min": 0.594349,
        "med": 1.321596,
        "max": 1185.095292,
        "p(90)": 1.7958292000000002,
        "p(95)": 2.0197014999999996,
        "p(99)": 2.996211340000006
      }
    },
    "data_received": {
      "contains": "data",
      "values": {
        "count": 5795015729,
        "rate": 6431612.411299142
      },
      "type": "counter"
    },
    "status_count": {
      "type": "counter",
      "contains": "default",
      "values": {
        "count": 179462,
        "rate": 199.17634058876715
      }
    },
    "status_2xx": {
      "contains": "default",
      "values": {
        "count": 179460,
        "rate": 199.17412088386484
      },
      "type": "counter"
    },
    "status_other": {
      "type": "counter",
      "contains": "default",
      "values": {
        "count": 2,
        "rate": 0.0022197049023054143
      }
    },
    "http_req_duration{expected_response:true}": {
      "type": "trend",
      "contains": "time",
      "values": {
        "p(99)": 3.352562399999997,
        "avg": 1.8343942015535146,
        "min": 0.769075,
        "med": 1.586467,
        "max": 1187.340371,
        "p(90)": 2.098898,
        "p(95)": 2.350786
      }
    },
    "gs_requests": {
      "type": "counter",
      "contains": "default",
      "values": {
        "count": 179462,
        "rate": 199.17634058876715
      }
    },
    "pages_tested": {
      "contains": "default",
      "values": {
        "count": 179462,
        "rate": 199.17634058876715
      },
      "type": "counter"
    },
    "http_reqs": {
      "type": "counter",
      "contains": "default",
      "values": {
        "rate": 199.1774504412183,
        "count": 179463
      }
    },
    "http_req_tls_handshaking": {
      "contains": "time",
      "values": {
        "p(90)": 0,
        "p(95)": 0,
        "p(99)": 0,
        "avg": 0.010579861447763603,
        "min": 0,
        "med": 0,
        "max": 43.095901
      },
      "type": "trend"
    },
    "http_req_failed": {
      "type": "rate",
      "contains": "default",
      "values": {
        "rate": 0.000011144358447145094,
        "passes": 2,
        "fails": 179461
      }
    },
    "status_200": {
      "type": "counter",
      "contains": "default",
      "values": {
        "count": 179460,
        "rate": 199.17412088386484
      }
    },
    "http_req_sending": {
      "contains": "time",
      "values": {
        "p(95)": 0.070872,
        "p(99)": 0.09069938000000001,
        "avg": 0.04833646112569139,
        "min": 0.023034,
        "med": 0.044153,
        "max": 0.40717,
        "p(90)": 0.06481
      },
      "type": "trend"
    },
    "http_req_duration": {
      "thresholds": {
        "p(95)<2000": {
          "ok": true
        }
      },
      "type": "trend",
      "contains": "time",
      "values": {
        "max": 1187.340371,
        "p(90)": 2.0988946000000004,
        "p(95)": 2.3507759999999993,
        "p(99)": 3.3525513800000026,
        "avg": 1.8343829879250615,
        "min": 0.769075,
        "med": 1.586457
      }
    },
    "checks": {
      "contains": "default",
      "values": {
        "rate": 0.9999888555794542,
        "passes": 179460,
        "fails": 2
      },
      "type": "rate"
    },
    "vus": {
      "type": "gauge",
      "contains": "default",
      "values": {
        "min": 3,
        "max": 100,
        "value": 3
      }
    },
    "gs_error_rate": {
      "thresholds": {
        "rate<0.05": {
          "ok": true
        }
      },
      "type": "rate",
      "contains": "default",
      "values": {
        "passes": 2,
        "fails": 179460,
        "rate": 0.000011144420545853718
      }
    },
    "data_sent": {
      "type": "counter",
      "contains": "data",
      "values": {
        "count": 40440614,
        "rate": 44883.11457402049
      }
    },
    "iterations": {
      "type": "counter",
      "contains": "default",
      "values": {
        "count": 179462,
        "rate": 199.17634058876715
      }
    },
    "vus_max": {
      "values": {
        "value": 100,
        "min": 100,
        "max": 100
      },
      "type": "gauge",
      "contains": "default"
    },
    "pages_discovered": {
      "contains": "default",
      "values": {
        "count": 37,
        "rate": 0.04106454069265017
      },
      "type": "counter"
    },
    "gs_iteration": {
      "type": "trend",
      "contains": "time",
      "values": {
        "avg": 501.67458849227137,
        "min": 1,
        "med": 500,
        "max": 1797,
        "p(90)": 902,
        "p(95)": 953,
        "p(99)": 993
      }
    },
    "http_req_blocked": {
      "contains": "time",
      "values": {
        "p(95)": 0.000391,
        "p(99)": 0.000531,
        "avg": 0.01694966958648709,
        "min": 0.00012,
        "med": 0.000281,
        "max": 56.144034,
        "p(90)": 0.00037
      },
      "type": "trend"
    },
    "gs_latency": {
      "thresholds": {
        "p(95)<2000": {
          "ok": true
        }
      },
      "type": "trend",
      "contains": "time",
      "values": {
        "max": 1187.340371,
        "p(90)": 2.0988807,
        "p(95)": 2.3506858,
        "p(99)": 3.352178519999996,
        "avg": 1.83383627887238,
        "min": 0.769075,
        "med": 1.586455
      }
    },
    "http_req_connecting": {
      "type": "trend",
      "contains": "time",
      "values": {
        "p(95)": 0,
        "p(99)": 0,
        "avg": 0.005900668566779781,
        "min": 0,
        "med": 0,
        "max": 35.032127,
        "p(90)": 0
      }
    }
  },