{
  "metrics": {
    "checks": {
      "type": "rate",
      "contains": "default",
      "values": {
        "rate": 1,
        "passes": 173601,
        "fails": 0
      }
    },
    "gs_error_rate": {
      "type": "rate",
      "contains": "default",
      "values": {
        "rate": 0,
        "passes": 0,
        "fails": 173601
      },
      "thresholds": {
        "rate<0.05": {
          "ok": true
        }
      }
    },
    "http_req_sending": {
      "type": "trend",
      "contains": "time",
      "values": {
        "min": 0.009667,
        "med": 0.039279,
        "max": 3.006773,
        "p(90)": 0.055271,
        "p(95)": 0.061741,
        "p(99)": 0.08314290999999992,
        "avg": 0.04138672290065821
      }
    },
    "status_2xx": {
      "type": "counter",
      "contains": "default",
      "values": {
        "rate": 192.6444880799191,
        "count": 173601
      }
    },
    "data_received": {
      "type": "counter",
      "contains": "data",
      "values": {
        "count": 5176501196,
        "rate": 5744347.226965911
      }
    },
    "gs_iteration": {
      "contains": "time",
      "values": {
        "p(99)": 1009,
        "avg": 518.6159584334191,
        "min": 17,
        "med": 519,
        "max": 1543,
        "p(90)": 919,
        "p(95)": 969
      },
      "type": "trend"
    },
    "iterations": {
      "type": "counter",
      "contains": "default",
      "values": {
        "count": 173601,
        "rate": 192.6444880799191
      }
    },
    "http_req_waiting": {
      "values": {
        "avg": 17.57583708784471,
        "min": 15.734133,
        "med": 17.4104085,
        "max": 645.455937,
        "p(90)": 17.8993065,
        "p(95)": 18.294809249999997,
        "p(99)": 19.566224749999993
      },
      "type": "trend",
      "contains": "time"
    },
    "status_200": {
      "contains": "default",
      "values": {
        "count": 173601,
        "rate": 192.6444880799191
      },
      "type": "counter"
    },
    "iteration_duration": {
      "type": "trend",
      "contains": "time",
      "values": {
        "min": 17.535888,
        "med": 519.408768,
        "max": 1543.235785,
        "p(90)": 919.203457,
        "p(95)": 969.031247,
        "p(99)": 1008.943727,
        "avg": 518.6308925786403
      }
    },
    "http_req_tls_handshaking": {
      "contains": "time",
      "values": {
        "max": 79.486876,
        "p(90)": 0,
        "p(95)": 0,
        "p(99)": 0,
        "avg": 0.027674591058858767,
        "min": 0,
        "med": 0
      },
      "type": "trend"
    },
    "status_count": {
      "type": "counter",
      "contains": "default",
      "values": {
        "count": 173601,
        "rate": 192.6444880799191
      }
    },
    "http_req_blocked": {
      "type": "trend",
      "contains": "time",
      "values": {
        "avg": 0.03943247694151581,
        "min": 0.000102,
        "med": 0.000228,
        "max": 96.562039,
        "p(90)": 0.000362,
        "p(95)": 0.000399,
        "p(99)": 0.0009129799999999813
      }
    },
    "http_req_connecting": {
      "type": "trend",
      "contains": "time",
      "values": {
        "med": 0,
        "max": 26.191721,
        "p(90)": 0,
        "p(95)": 0,
        "p(99)": 0,
        "avg": 0.011234491624520459,
        "min": 0
      }
    },
    "pages_discovered": {
      "type": "counter",
      "contains": "default",
      "values": {
        "rate": 0.047716965843725104,
        "count": 43
      }
    },
    "gs_requests": {
      "type": "counter",
      "contains": "default",
      "values": {
        "count": 173601,
        "rate": 192.6444880799191
      }
    },
    "http_reqs": {
      "type": "counter",
      "contains": "default",
      "values": {
        "count": 173602,
        "rate": 192.6455977767992
      }
    },
    "http_req_duration{expected_response:true}": {
      "type": "trend",
      "contains": "time",
      "values": {
        "p(90)": 18.8568186,
        "p(95)": 19.644031599999995,
        "p(99)": 21.73695933999999,
        "avg": 18.083248678811405,
        "min": 16.77582,
        "med": 17.7125825,
        "max": 667.521558
      }
    },
    "pages_tested": {
      "type": "counter",
      "contains": "default",
      "values": {
        "rate": 192.6444880799191,
        "count": 173601
      }
    },
    "vus_max": {
      "contains": "default",
      "values": {
        "value": 100,
        "min": 100,
        "max": 100
      },
      "type": "gauge"
    },
    "gs_latency": {
      "type": "trend",
      "contains": "time",
      "values": {
        "max": 667.521558,
        "p(90)": 18.856734,
        "p(95)": 19.643663,
        "p(99)": 21.736102,
        "avg": 18.082982879332594,
        "min": 16.77582,
        "med": 17.71258
      },
      "thresholds": {
        "p(95)<2000": {
          "ok": true
        }
      }
    },
    "http_req_failed": {
      "values": {
        "passes": 0,
        "fails": 173602,
        "rate": 0
      },
      "type": "rate",
      "contains": "default"
    },
    "data_sent": {
      "type": "counter",
      "contains": "data",
      "values": {
        "count": 35815239,
        "rate": 39744.05897785701
      }
    },
    "vus": {
      "type": "gauge",
      "contains": "default",
      "values": {
        "value": 4,
        "min": 4,
        "max": 100
      }
    },
    "http_req_duration": {
      "type": "trend",
      "contains": "time",
      "values": {
        "med": 17.7125825,
        "max": 667.521558,
        "p(90)": 18.8568186,
        "p(95)": 19.644031599999995,
        "p(99)": 21.73695933999999,
        "avg": 18.083248678811405,
        "min": 16.77582
      },
      "thresholds": {
        "p(95)<2000": {
          "ok": true
        }
      }
    },
    "http_req_receiving": {
      "type": "trend",
      "contains": "time",
      "values": {
        "p(90)": 1.1008808999999997,
        "p(95)": 1.8280725,
        "p(99)": 3.8333861999999983,
        "avg": 0.46602486806603827,
        "min": 0.026548,
        "med": 0.186877,
        "max": 60.826217
      }
    }
  },