{
  "options": {
    "summaryTimeUnit": "",
    "noColor": false,
    "summaryTrendStats": [
      "avg",
      "min",
      "med",
      "max",
      "p(90)",
      "p(95)",
      "p(99)"
    ]
  },
  "state": {
    "testRunDurationMs": 901007.809232,
    "isStdOutTTY": false,
    "isStdErrTTY": false
  },
  "metrics": {
    "http_req_receiving": {
      "type": "trend",
      "contains": "time",
      "values": {
        "avg": 0.38533487612775297,
        "min": 0.0342,
        "med": 0.208457,
        "max": 66.95963,
        "p(90)": 1.0517814,
        "p(95)": 1.3074809999999986,
        "p(99)": 2.803651639999996
      }
    },
    "status_200": {
      "type": "counter",
      "contains": "default",
      "values": {
        "count": 175236,
        "rate": 194.4888803454073
      }
    },
    "checks": {
      "type": "rate",
      "contains": "default",
      "values": {
        "rate": 1,
        "passes": 175236,
        "fails": 0
      }
    },
    "http_req_blocked": {
      "contains": "time",
      "values": {
        "med": 0.0003,
        "max": 77.728744,
        "p(90)": 0.000411,
        "p(95)": 0.0005,
        "p(99)": 0.000771,
        "avg": 0.029760033035245513,
        "min": 0.00011
      },
      "type": "trend"
    },
    "gs_iteration": {
      "type": "trend",
      "contains": "time",
      "values": {
        "p(90)": 913,
        "p(95)": 964,
        "p(99)": 1004,
        "avg": 513.741223264626,
        "min": 10,
        "med": 514,
        "max": 2639
      }
    },
    "status_2xx": {
      "type": "counter",
      "contains": "default",
      "values": {
        "count": 175236,
        "rate": 194.4888803454073
      }
    },
    "gs_latency": {
      "thresholds": {
        "p(95)<2000": {
          "ok": true
        }
      },
      "type": "trend",
      "contains": "time",
      "values": {
        "p(99)": 17.396043849999998,
        "avg": 13.271150906172416,
        "min": 9.086545,
        "med": 13.9319465,
        "max": 2183.518713,
        "p(90)": 14.977685000000001,
        "p(95)": 15.581718250000002
      }
    },
    "http_reqs": {
      "contains": "default",
      "values": {
        "count": 175237,
        "rate": 194.48999021370116
      },
      "type": "counter"
    },
    "pages_discovered": {
      "type": "counter",
      "contains": "default",
      "values": {
        "count": 37,
        "rate": 0.04106512687335975
      }
    },
    "vus_max": {
      "type": "gauge",
      "contains": "default",
      "values": {
        "value": 100,
        "min": 100,
        "max": 100
      }
    },
    "http_req_failed": {
      "contains": "default",
      "values": {
        "rate": 0,
        "passes": 0,
        "fails": 175237
      },
      "type": "rate"
    },
    "gs_requests": {
      "type": "counter",
      "contains": "default",
      "values": {
        "rate": 194.4888803454073,
        "count": 175236
      }
    },
    "iteration_duration": {
      "values": {
        "p(95)": 963.6040515,
        "p(99)": 1004.3172326999999,
        "avg": 513.7559962655563,
        "min": 9.897752,
        "med": 514.4115045000001,
        "max": 2638.545641,
        "p(90)": 913.3445775
      },
      "type": "trend",
      "contains": "time"
    },
    "vus": {
      "values": {
        "value": 1,
        "min": 1,
        "max": 100
      },
      "type": "gauge",
      "contains": "default"
    },
    "pages_tested": {
      "type": "counter",
      "contains": "default",
      "values": {
        "count": 175236,
        "rate": 194.4888803454073
      }
    },
    "data_sent": {
      "type": "counter",
      "contains": "data",
      "values": {
        "count": 38935205,
        "rate": 43212.94954500732
      }
    },
    "gs_error_rate": {
      "thresholds": {
        "rate<0.05": {
          "ok": true
        }
      },
      "type": "rate",
      "contains": "default",
      "values": {
        "rate": 0,
        "passes": 0,
        "fails": 175236
      }
    },
    "http_req_duration": {
      "values": {
        "min": 9.086545,
        "med": 13.931952,
        "max": 2183.518713,
        "p(90)": 14.977687600000001,
        "p(95)": 15.581750199999998,
        "p(99)": 17.396274759999997,
        "avg": 13.27137580220518
      },
      "thresholds": {
        "p(95)<2000": {
          "ok": true
        }
      },
      "type": "trend",
      "contains": "time"
    },
    "http_req_connecting": {
      "contains": "time",
      "values": {
        "max": 25.018654,
        "p(90)": 0,
        "p(95)": 0,
        "p(99)": 0,
        "avg": 0.008238544959112514,
        "min": 0,
        "med": 0
      },
      "type": "trend"
    },
    "http_req_duration{expected_response:true}": {
      "type": "trend",
      "contains": "time",
      "values": {
        "med": 13.931952,
        "max": 2183.518713,
        "p(90)": 14.977687600000001,
        "p(95)": 15.581750199999998,
        "p(99)": 17.396274759999997,
        "avg": 13.27137580220518,
        "min": 9.086545
      }
    },
    "http_req_waiting": {
      "type": "trend",
      "contains": "time",
      "values": {
        "avg": 12.83337344182433,
        "min": 8.925488,
        "med": 13.64401,
        "max": 2161.602421,
        "p(90)": 14.3469186,
        "p(95)": 14.5805268,
        "p(99)": 15.722837039999987
      }
    },
    "data_received": {
      "type": "counter",
      "contains": "data",
      "values": {
        "count": 5635040075,
        "rate": 6254152.313955179
      }
    },
    "status_count": {
      "type": "counter",
      "contains": "default",
      "values": {
        "count": 175236,
        "rate": 194.4888803454073
      }
    },
    "http_req_sending": {
      "values": {
        "min": 0.011477,
        "med": 0.051586,
        "max": 0.609249,
        "p(90)": 0.062121,
        "p(95)": 0.068461,
        "p(99)": 0.08492819999999993,
        "avg": 0.052667484252755026
      },
      "type": "trend",
      "contains": "time"
    },
    "iterations": {
      "type": "counter",
      "contains": "default",
      "values": {
        "count": 175236,
        "rate": 194.4888803454073
      }
    },
    "http_req_tls_handshaking": {
      "values": {
        "avg": 0.020877256304319292,
        "min": 0,
        "med": 0,
        "max": 64.622614,
        "p(90)": 0,
        "p(95)": 0,
        "p(99)": 0
      },
      "type": "trend",
      "contains": "time"
    }
  },