{
  "state": {
    "testRunDurationMs": 900892.240796,
    "isStdOutTTY": false,
    "isStdErrTTY": false
  },
  "metrics": {
    "http_req_connecting": {
      "type": "trend",
      "contains": "time",
      "values": {
        "avg": 0.007212103863186765,
        "min": 0,
        "med": 0,
        "max": 27.984161,
        "p(90)": 0,
        "p(95)": 0,
        "p(99)": 0
      }
    },
    "status_2xx": {
      "type": "counter",
      "contains": "default",
      "values": {
        "count": 177935,
        "rate": 197.50974860520748
      }
    },
    "checks": {
      "type": "rate",
      "contains": "default",
      "values": {
        "rate": 1,
        "passes": 177935,
        "fails": 0
      }
    },
    "http_req_duration{expected_response:true}": {
      "type": "trend",
      "contains": "time",
      "values": {
        "med": 5.9475005,
        "max": 834.389644,
        "p(90)": 6.6709885,
        "p(95)": 7.06604475,
        "p(99)": 9.440045099999994,
        "avg": 6.1663474893332255,
        "min": 5.326849
      }
    },
    "http_req_receiving": {
      "type": "trend",
      "contains": "time",
      "values": {
        "p(90)": 0.4437405,
        "p(95)": 0.7340405000000001,
        "p(99)": 1.2058957499999996,
        "avg": 0.27573472302962837,
        "min": 0.033449,
        "med": 0.204213,
        "max": 20.435727
      }
    },
    "gs_iteration": {
      "type": "trend",
      "contains": "time",
      "values": {
        "med": 507,
        "max": 1826,
        "p(90)": 906,
        "p(95)": 956,
        "p(99)": 996,
        "avg": 505.9809593390845,
        "min": 6
      }
    },
    "data_received": {
      "type": "counter",
      "contains": "data",
      "values": {
        "count": 5722687741,
        "rate": 6352244.4548347015
      }
    },
    "pages_discovered": {
      "type": "counter",
      "contains": "default",
      "values": {
        "rate": 0.041070394798059275,
        "count": 37
      }
    },
    "iterations": {
      "type": "counter",
      "contains": "default",
      "values": {
        "count": 177935,
        "rate": 197.50974860520748
      }
    },
    "vus_max": {
      "type": "gauge",
      "contains": "default",
      "values": {
        "min": 100,
        "max": 100,
        "value": 100
      }
    },
    "http_req_blocked": {
      "type": "trend",
      "contains": "time",
      "values": {
        "med": 0.00032,
        "max": 61.020638,
        "p(90)": 0.00043,
        "p(95)": 0.000491,
        "p(99)": 0.000802,
        "avg": 0.02237431104440965,
        "min": 0.00011
      }
    },
    "http_req_tls_handshaking": {
      "type": "trend",
      "contains": "time",
      "values": {
        "p(90)": 0,
        "p(95)": 0,
        "p(99)": 0,
        "avg": 0.0146953759497797,
        "min": 0,
        "med": 0,
        "max": 50.295048
      }
    },
    "data_sent": {
      "type": "counter",
      "contains": "data",
      "values": {
        "count": 39197467,
        "rate": 43509.60661551081
      }
    },
    "vus": {
      "type": "gauge",
      "contains": "default",
      "values": {
        "value": 100,
        "min": 100,
        "max": 100
      }
    },
    "http_req_sending": {
      "type": "trend",
      "contains": "time",
      "values": {
        "p(90)": 0.066278,
        "p(95)": 0.072948,
        "p(99)": 0.09395579999999994,
        "avg": 0.05468611766028154,
        "min": 0.014792,
        "med": 0.053018,
        "max": 0.689581
      }
    },
    "http_req_failed": {
      "type": "rate",
      "contains": "default",
      "values": {
        "rate": 0,
        "passes": 0,
        "fails": 177936
      }
    },
    "gs_error_rate": {
      "type": "rate",
      "contains": "default",
      "values": {
        "rate": 0,
        "passes": 0,
        "fails": 177935
      },
      "thresholds": {
        "rate<0.05": {
          "ok": true
        }
      }
    },
    "http_reqs": {
      "contains": "default",
      "values": {
        "count": 177936,
        "rate": 197.51085861587768
      },
      "type": "counter"
    },
    "http_req_waiting": {
      "type": "trend",
      "contains": "time",
      "values": {
        "p(99)": 8.696903749999997,
        "avg": 5.835926648643257,
        "min": 5.113485,
        "med": 5.650174,
        "max": 833.913744,
        "p(90)": 6.185897000000001,
        "p(95)": 6.6308875
      }
    },
    "status_200": {
      "type": "counter",
      "contains": "default",
      "values": {
        "count": 177935,
        "rate": 197.50974860520748
      }
    },
    "pages_tested": {
      "values": {
        "count": 177935,
        "rate": 197.50974860520748
      },
      "type": "counter",
      "contains": "default"
    },
    "gs_latency": {
      "contains": "time",
      "values": {
        "p(90)": 6.670968800000001,
        "p(95)": 7.066005499999999,
        "p(99)": 9.437641160000018,
        "avg": 6.166284069530991,
        "min": 5.326849,
        "med": 5.9475,
        "max": 834.389644
      },
      "thresholds": {
        "p(95)<2000": {
          "ok": true
        }
      },
      "type": "trend"
    },
    "http_req_duration": {
      "contains": "time",
      "values": {
        "max": 834.389644,
        "p(90)": 6.6709885,
        "p(95)": 7.06604475,
        "p(99)": 9.440045099999994,
        "avg": 6.1663474893332255,
        "min": 5.326849,
        "med": 5.9475005
      },
      "thresholds": {
        "p(95)<2000": {
          "ok": true
        }
      },
      "type": "trend"
    },
    "gs_requests": {
      "type": "counter",
      "contains": "default",
      "values": {
        "rate": 197.50974860520748,
        "count": 177935
      }
    },
    "status_count": {
      "type": "counter",
      "contains": "default",
      "values": {
        "count": 177935,
        "rate": 197.50974860520748
      }
    },
    "iteration_duration": {
      "type": "trend",
      "contains": "time",
      "values": {
        "avg": 505.99793661967647,
        "min": 5.919754,
        "med": 506.963722,
        "max": 1826.007808,
        "p(90)": 906.0474758,
        "p(95)": 956.0409285000001,
        "p(99)": 996.49182898
      }
    }
  },