{
  "root_group": {
    "name": "",
    "path": "",
    "id": "d41d8cd98f00b204e9800998ecf8427e",
    "groups": [],
    "checks": [
        {
          "name": "status is 2xx",
          "path": "::status is 2xx",
          "id": "625da780c1868b693c9052f10511e6a0",
          "passes": 179099,
          "fails": 0
        }
      ]
  },
  "options": {
    "summaryTimeUnit": "",
    "noColor": false,
    "summaryTrendStats": [
      "avg",
      "min",
      "med",
      "max",
      "p(90)",
      "p(95)",
      "p(99)"
    ]
  },
  "state": {
    "isStdOutTTY": false,
    "isStdErrTTY": false,
    "testRunDurationMs": 900985.977999
  },
  "metrics": {
    "gs_iteration": {
      "type": "trend",
      "contains": "time",
      "values": {
        "min": 2,
        "med": 503,
        "max": 2546,
        "p(90)": 904,
        "p(95)": 954,
        "p(99)": 993,
        "avg": 502.68723443458646
      }
    },
    "http_req_connecting": {
      "type": "trend",
      "contains": "time",
      "values": {
        "min": 0,
        "med": 0,
        "max": 41.305101,
        "p(90)": 0,
        "p(95)": 0,
        "p(99)": 0,
        "avg": 0.009961614265773315
      }
    },
    "http_req_receiving": {
      "contains": "time",
      "values": {
        "p(95)": 0.5484345499999999,
        "p(99)": 0.7925446000000006,
        "avg": 0.2562737320882152,
        "min": 0.033413,
        "med": 0.220081,
        "max": 27.085474,
        "p(90)": 0.43622140000000004
      },
      "type": "trend"
    },
    "vus_max": {
      "type": "gauge",
      "contains": "default",
      "values": {
        "value": 100,
        "min": 100,
        "max": 100
      }
    },
    "http_req_tls_handshaking": {
      "contains": "time",
      "values": {
        "avg": 0.012512596298157453,
        "min": 0,
        "med": 0,
        "max": 60.96806,
        "p(90)": 0,
        "p(95)": 0,
        "p(99)": 0
      },
      "type": "trend"
    },
    "status_count": {
      "type": "counter",
      "contains": "default",
      "values": {
        "count": 179099,
        "rate": 198.7811179900502
      }
    },
    "gs_latency": {
      "type": "trend",
      "contains": "time",
      "values": {
        "avg": 2.5284102241944297,
        "min": 1.46808,
        "med": 2.336495,
        "max": 2232.610786,
        "p(90)": 2.915594,
        "p(95)": 3.3812303000000012,
        "p(99)": 5.532840159999981
      },
      "thresholds": {
        "p(95)<2000": {
          "ok": true
        }
      }
    },
    "http_reqs": {
      "type": "counter",
      "contains": "default",
      "values": {
        "count": 179100,
        "rate": 198.7822278852366
      }
    },
    "data_received": {
      "type": "counter",
      "contains": "data",
      "values": {
        "count": 5777197665,
        "rate": 6412083.879296967
      }
    },
    "http_req_duration{expected_response:true}": {
      "contains": "time",
      "values": {
        "p(95)": 3.38140465,
        "p(99)": 5.534617950000006,
        "avg": 2.5285978361976444,
        "min": 1.46808,
        "med": 2.3364965,
        "max": 2232.610786,
        "p(90)": 2.9155946
      },
      "type": "trend"
    },
    "http_req_sending": {
      "type": "trend",
      "contains": "time",
      "values": {
        "p(99)": 0.08867609000000008,
        "avg": 0.047836982702401054,
        "min": 0.013987,
        "med": 0.043612,
        "max": 3.103269,
        "p(90)": 0.063208,
        "p(95)": 0.068958
      }
    },
    "status_2xx": {
      "contains": "default",
      "values": {
        "count": 179099,
        "rate": 198.7811179900502
      },
      "type": "counter"
    },
    "pages_tested": {
      "contains": "default",
      "values": {
        "count": 179099,
        "rate": 198.7811179900502
      },
      "type": "counter"
    },
    "iteration_duration": {
      "type": "trend",
      "contains": "time",
      "values": {
        "p(90)": 904.2073338,
        "p(95)": 954.4027386000001,
        "p(99)": 993.1985026999998,
        "avg": 502.7001092084143,
        "min": 2.030574,
        "med": 502.94969,
        "max": 2545.881028
      }
    },
    "http_req_blocked": {
      "type": "trend",
      "contains": "time",
      "values": {
        "avg": 0.023121407632580308,
        "min": 0.00012,
        "med": 0.00029,
        "max": 71.004104,
        "p(90)": 0.000371,
        "p(95)": 0.000401,
        "p(99)": 0.000521
      }
    },
    "http_req_waiting": {
      "type": "trend",
      "contains": "time",
      "values": {
        "p(90)": 2.5715545000000004,
        "p(95)": 3.0440380499999993,
        "p(99)": 5.143253410000024,
        "avg": 2.224487121407035,
        "min": 1.297584,
        "med": 2.037923,
        "max": 2232.471186
      }
    },
    "http_req_failed": {
      "type": "rate",
      "contains": "default",
      "values": {
        "rate": 0,
        "passes": 0,
        "fails": 179100
      }
    },
    "gs_requests": {
      "type": "counter",
      "contains": "default",
      "values": {
        "count": 179099,
        "rate": 198.7811179900502
      }
    },
    "checks": {
      "contains": "default",
      "values": {
        "rate": 1,
        "passes": 179099,
        "fails": 0
      },
      "type": "rate"
    },
    "gs_error_rate": {
      "thresholds": {
        "rate<0.05": {
          "ok": true
        }
      },
      "type": "rate",
      "contains": "default",
      "values": {
        "rate": 0,
        "passes": 0,
        "fails": 179099
      }
    },
    "data_sent": {
      "type": "counter",
      "contains": "data",
      "values": {
        "count": 39748699,
        "rate": 44116.889685983675
      }
    },
    "iterations": {
      "type": "counter",
      "contains": "default",
      "values": {
        "count": 179099,
        "rate": 198.7811179900502
      }
    },
    "http_req_duration": {
      "type": "trend",
      "contains": "time",
      "values": {
        "p(99)": 5.534617950000006,
        "avg": 2.5285978361976444,
        "min": 1.46808,
        "med": 2.3364965,
        "max": 2232.610786,
        "p(90)": 2.9155946,
        "p(95)": 3.38140465
      },
      "thresholds": {
        "p(95)<2000": {
          "ok": true
        }
      }
    },
    "vus": {
      "type": "gauge",
      "contains": "default",
      "values": {
        "value": 1,
        "min": 1,
        "max": 100
      }
    },
    "pages_discovered": {
      "type": "counter",
      "contains": "default",
      "values": {
        "count": 37,
        "rate": 0.04106612189700588
      }
    },
    "status_200": {
      "type": "counter",
      "contains": "default",
      "values": {
        "rate": 198.7811179900502,
        "count": 179099
      }
    }
  },