{
  "options": {
    "summaryTimeUnit": "",
    "noColor": false,
    "summaryTrendStats": [
      "avg",
      "min",
      "med",
      "max",
      "p(90)",
      "p(95)",
      "p(99)"
    ]
  },
  "state": {
    "isStdOutTTY": false,
    "isStdErrTTY": false,
    "testRunDurationMs": 900945.938256
  },
  "metrics": {
    "pages_discovered": {
      "values": {
        "count": 37,
        "rate": 0.04106794695320177
      },
      "type": "counter",
      "contains": "default"
    },
    "gs_error_rate": {
      "thresholds": {
        "rate<0.05": {
          "ok": true
        }
      },
      "type": "rate",
      "contains": "default",
      "values": {
        "rate": 0,
        "passes": 0,
        "fails": 179464
      }
    },
    "http_req_duration{expected_response:true}": {
      "contains": "time",
      "values": {
        "med": 1.538642,
        "max": 260.790128,
        "p(90)": 1.9788566,
        "p(95)": 2.289763999999999,
        "p(99)": 3.5523852799999847,
        "avg": 1.7358307019808636,
        "min": 0.825251
      },
      "type": "trend"
    },
    "http_req_blocked": {
      "type": "trend",
      "contains": "time",
      "values": {
        "avg": 0.018924342618335782,
        "min": 0.00014,
        "med": 0.000291,
        "max": 55.700194,
        "p(90)": 0.000381,
        "p(95)": 0.000411,
        "p(99)": 0.000541
      }
    },
    "http_req_waiting": {
      "type": "trend",
      "contains": "time",
      "values": {
        "avg": 1.4502480657008434,
        "min": 0.654964,
        "med": 1.264932,
        "max": 258.231259,
        "p(90)": 1.6357706000000003,
        "p(95)": 1.9356034,
        "p(99)": 3.1034587199999972
      }
    },
    "iteration_duration": {
      "values": {
        "p(90)": 901.3455531000001,
        "p(95)": 952.3799097,
        "p(99)": 992.5401698,
        "avg": 501.6927319677938,
        "min": 1.477898,
        "med": 501.36878,
        "max": 1276.064371
      },
      "type": "trend",
      "contains": "time"
    },
    "vus_max": {
      "type": "gauge",
      "contains": "default",
      "values": {
        "value": 100,
        "min": 100,
        "max": 100
      }
    },
    "http_req_receiving": {
      "type": "trend",
      "contains": "time",
      "values": {
        "med": 0.198471,
        "max": 21.420573,
        "p(90)": 0.39440580000000003,
        "p(95)": 0.5083098,
        "p(99)": 0.7686325999999984,
        "avg": 0.2376308966260811,
        "min": 0.040817
      }
    },
    "pages_tested": {
      "type": "counter",
      "contains": "default",
      "values": {
        "count": 179464,
        "rate": 199.19508194620005
      }
    },
    "gs_requests": {
      "type": "counter",
      "contains": "default",
      "values": {
        "count": 179464,
        "rate": 199.19508194620005
      }
    },
    "status_2xx": {
      "type": "counter",
      "contains": "default",
      "values": {
        "rate": 199.19508194620005,
        "count": 179464
      }
    },
    "checks": {
      "type": "rate",
      "contains": "default",
      "values": {
        "rate": 1,
        "passes": 179464,
        "fails": 0
      }
    },
    "http_req_failed": {
      "type": "rate",
      "contains": "default",
      "values": {
        "rate": 0,
        "passes": 0,
        "fails": 179465
      }
    },
    "status_200": {
      "type": "counter",
      "contains": "default",
      "values": {
        "count": 179464,
        "rate": 199.19508194620005
      }
    },
    "gs_iteration": {
      "type": "trend",
      "contains": "time",
      "values": {
        "max": 1276,
        "p(90)": 901,
        "p(95)": 952,
        "p(99)": 993,
        "avg": 501.68008625685377,
        "min": 1,
        "med": 501
      }
    },
    "http_req_duration": {
      "values": {
        "med": 1.538642,
        "max": 260.790128,
        "p(90)": 1.9788566,
        "p(95)": 2.289763999999999,
        "p(99)": 3.5523852799999847,
        "avg": 1.7358307019808636,
        "min": 0.825251
      },
      "thresholds": {
        "p(95)<2000": {
          "ok": true
        }
      },
      "type": "trend",
      "contains": "time"
    },
    "http_req_tls_handshaking": {
      "type": "trend",
      "contains": "time",
      "values": {
        "avg": 0.011056088262335275,
        "min": 0,
        "med": 0,
        "max": 49.15436,
        "p(90)": 0,
        "p(95)": 0,
        "p(99)": 0
      }
    },
    "http_reqs": {
      "type": "counter",
      "contains": "default",
      "values": {
        "count": 179465,
        "rate": 199.1961918907123
      }
    },
    "http_req_sending": {
      "values": {
        "max": 21.824009,
        "p(90)": 0.06358860000000001,
        "p(95)": 0.069941,
        "p(99)": 0.09489059999999985,
        "avg": 0.04795173965397202,
        "min": 0.016791,
        "med": 0.043261
      },
      "type": "trend",
      "contains": "time"
    },
    "data_sent": {
      "type": "counter",
      "contains": "data",
      "values": {
        "count": 40479967,
        "rate": 44930.517227658325
      }
    },
    "status_count": {
      "type": "counter",
      "contains": "default",
      "values": {
        "count": 179464,
        "rate": 199.19508194620005
      }
    },
    "gs_latency": {
      "type": "trend",
      "contains": "time",
      "values": {
        "min": 0.825251,
        "med": 1.5386375,
        "max": 260.790128,
        "p(90)": 1.9788533000000001,
        "p(95)": 2.2896844500000006,
        "p(99)": 3.551844019999999,
        "avg": 1.7352168804049606
      },
      "thresholds": {
        "p(95)<2000": {
          "ok": true
        }
      }
    },
    "iterations": {
      "type": "counter",
      "contains": "default",
      "values": {
        "count": 179464,
        "rate": 199.19508194620005
      }
    },
    "data_received": {
      "type": "counter",
      "contains": "data",
      "values": {
        "count": 5798665333,
        "rate": 6436196.76473011
      }
    },
    "vus": {
      "values": {
        "value": 100,
        "min": 100,
        "max": 100
      },
      "type": "gauge",
      "contains": "default"
    },
    "http_req_connecting": {
      "contains": "time",
      "values": {
        "med": 0,
        "max": 37.6183,
        "p(90)": 0,
        "p(95)": 0,
        "p(99)": 0,
        "avg": 0.007323695194048979,
        "min": 0
      },
      "type": "trend"
    }
  },