{
  "options": {
    "summaryTrendStats": [
      "avg",
      "min",
      "med",
      "max",
      "p(90)",
      "p(95)",
      "p(99)"
    ],
    "summaryTimeUnit": "",
    "noColor": false
  },
  "state": {
    "isStdOutTTY": false,
    "isStdErrTTY": false,
    "testRunDurationMs": 901041.241644
  },
  "metrics": {
    "http_req_connecting": {
      "type": "trend",
      "contains": "time",
      "values": {
        "max": 18.126819,
        "p(90)": 0,
        "p(95)": 0,
        "p(99)": 0,
        "avg": 0.004558768734607715,
        "min": 0,
        "med": 0
      }
    },
    "status_count": {
      "values": {
        "count": 179066,
        "rate": 198.7323018348018
      },
      "type": "counter",
      "contains": "default"
    },
    "http_req_blocked": {
      "type": "trend",
      "contains": "time",
      "values": {
        "min": 0.000101,
        "med": 0.000242,
        "max": 61.860341,
        "p(90)": 0.000388,
        "p(95)": 0.00043269999999998255,
        "p(99)": 0.000575,
        "avg": 0.01917709719267246
      }
    },
    "http_req_sending": {
      "type": "trend",
      "contains": "time",
      "values": {
        "avg": 0.04502937244718404,
        "min": 0.010863,
        "med": 0.041795,
        "max": 0.412189,
        "p(90)": 0.064888,
        "p(95)": 0.07331169999999998,
        "p(99)": 0.09081843999999994
      }
    },
    "status_200": {
      "type": "counter",
      "contains": "default",
      "values": {
        "count": 179066,
        "rate": 198.7323018348018
      }
    },
    "http_reqs": {
      "type": "counter",
      "contains": "default",
      "values": {
        "count": 179067,
        "rate": 198.73341166191491
      }
    },
    "http_req_duration": {
      "type": "trend",
      "contains": "time",
      "values": {
        "avg": 2.3038180155360735,
        "min": 1.658302,
        "med": 2.17452,
        "max": 153.408876,
        "p(90)": 2.5508604,
        "p(95)": 2.8390183999999974,
        "p(99)": 4.2524316199999985
      },
      "thresholds": {
        "p(95)<2000": {
          "ok": true
        }
      }
    },
    "http_req_duration{expected_response:true}": {
      "type": "trend",
      "contains": "time",
      "values": {
        "avg": 2.3038180155360735,
        "min": 1.658302,
        "med": 2.17452,
        "max": 153.408876,
        "p(90)": 2.5508604,
        "p(95)": 2.8390183999999974,
        "p(99)": 4.2524316199999985
      }
    },
    "data_received": {
      "type": "counter",
      "contains": "data",
      "values": {
        "count": 5760180475,
        "rate": 6392804.467518301
      }
    },
    "pages_tested": {
      "type": "counter",
      "contains": "default",
      "values": {
        "count": 179066,
        "rate": 198.7323018348018
      }
    },
    "pages_discovered": {
      "type": "counter",
      "contains": "default",
      "values": {
        "rate": 0.04106360318479034,
        "count": 37
      }
    },
    "gs_error_rate": {
      "type": "rate",
      "contains": "default",
      "values": {
        "rate": 0,
        "passes": 0,
        "fails": 179066
      },
      "thresholds": {
        "rate<0.05": {
          "ok": true
        }
      }
    },
    "status_2xx": {
      "contains": "default",
      "values": {
        "count": 179066,
        "rate": 198.7323018348018
      },
      "type": "counter"
    },
    "checks": {
      "type": "rate",
      "contains": "default",
      "values": {
        "rate": 1,
        "passes": 179066,
        "fails": 0
      }
    },
    "gs_requests": {
      "type": "counter",
      "contains": "default",
      "values": {
        "count": 179066,
        "rate": 198.7323018348018
      }
    },
    "http_req_tls_handshaking": {
      "type": "trend",
      "contains": "time",
      "values": {
        "avg": 0.014096331920454357,
        "min": 0,
        "med": 0,
        "max": 54.354307,
        "p(90)": 0,
        "p(95)": 0,
        "p(99)": 0
      }
    },
    "http_req_failed": {
      "type": "rate",
      "contains": "default",
      "values": {
        "rate": 0,
        "passes": 0,
        "fails": 179067
      }
    },
    "data_sent": {
      "contains": "data",
      "values": {
        "count": 39652423,
        "rate": 44007.33414560685
      },
      "type": "counter"
    },
    "gs_iteration": {
      "type": "trend",
      "contains": "time",
      "values": {
        "p(90)": 903,
        "p(95)": 952,
        "p(99)": 992,
        "avg": 502.7601275507355,
        "min": 2,
        "med": 503,
        "max": 1113
      }
    },
    "vus_max": {
      "type": "gauge",
      "contains": "default",
      "values": {
        "value": 100,
        "min": 100,
        "max": 100
      }
    },
    "http_req_receiving": {
      "type": "trend",
      "contains": "time",
      "values": {
        "p(99)": 0.6094293199999998,
        "avg": 0.19122505850323862,
        "min": 0.024244,
        "med": 0.163394,
        "max": 11.895919,
        "p(90)": 0.32249599999999995,
        "p(95)": 0.40804609999999997
      }
    },
    "vus": {
      "type": "gauge",
      "contains": "default",
      "values": {
        "value": 4,
        "min": 4,
        "max": 100
      }
    },
    "http_req_waiting": {
      "values": {
        "p(99)": 3.904311459999997,
        "avg": 2.067563584585685,
        "min": 1.491797,
        "med": 1.939167,
        "max": 151.449138,
        "p(90)": 2.288411,
        "p(95)": 2.5684094999999982
      },
      "type": "trend",
      "contains": "time"
    },
    "iteration_duration": {
      "type": "trend",
      "contains": "time",
      "values": {
        "avg": 502.77517032195294,
        "min": 2.262343,
        "med": 503.353691,
        "max": 1112.420646,
        "p(90)": 902.7363170000001,
        "p(95)": 952.52106425,
        "p(99)": 992.43854795
      }
    },
    "iterations": {
      "type": "counter",
      "contains": "default",
      "values": {
        "count": 179066,
        "rate": 198.7323018348018
      }
    },
    "gs_latency": {
      "type": "trend",
      "contains": "time",
      "values": {
        "max": 153.408876,
        "p(90)": 2.5508465,
        "p(95)": 2.8389065,
        "p(99)": 4.251999450000002,
        "avg": 2.303566274284331,
        "min": 1.658302,
        "med": 2.174518
      },
      "thresholds": {
        "p(95)<2000": {
          "ok": true
        }
      }
    }
  },