{
  "metrics": {
    "http_reqs": {
      "type": "counter",
      "contains": "default",
      "values": {
        "count": 178310,
        "rate": 197.91938329645828
      }
    },
    "http_req_blocked": {
      "contains": "time",
      "values": {
        "p(99)": 0.000531,
        "avg": 0.019836770809263347,
        "min": 0.00012,
        "med": 0.000291,
        "max": 63.34955,
        "p(90)": 0.000381,
        "p(95)": 0.000411
      },
      "type": "trend"
    },
    "http_req_connecting": {
      "type": "trend",
      "contains": "time",
      "values": {
        "p(90)": 0,
        "p(95)": 0,
        "p(99)": 0,
        "avg": 0.005537464696315406,
        "min": 0,
        "med": 0,
        "max": 23.225252
      }
    },
    "http_req_sending": {
      "type": "trend",
      "contains": "time",
      "values": {
        "avg": 0.04737748359037733,
        "min": 0.013405,
        "med": 0.043051,
        "max": 13.24768,
        "p(90)": 0.062547,
        "p(95)": 0.06824754999999999,
        "p(99)": 0.08784401000000004
      }
    },
    "http_req_failed": {
      "type": "rate",
      "contains": "default",
      "values": {
        "rate": 0,
        "passes": 0,
        "fails": 178310
      }
    },
    "iteration_duration": {
      "type": "trend",
      "contains": "time",
      "values": {
        "avg": 504.929911556459,
        "min": 2.551727,
        "med": 506.488014,
        "max": 1055.16027,
        "p(90)": 903.5815488000001,
        "p(95)": 953.3838204000001,
        "p(99)": 993.7381524800002
      }
    },
    "iterations": {
      "type": "counter",
      "contains": "default",
      "values": {
        "count": 178309,
        "rate": 197.91827332291055
      }
    },
    "http_req_waiting": {
      "type": "trend",
      "contains": "time",
      "values": {
        "p(90)": 2.8571769,
        "p(95)": 3.2628767499999998,
        "p(99)": 5.1433279400000025,
        "avg": 2.489018130716125,
        "min": 1.619434,
        "med": 2.3553665,
        "max": 141.206591
      }
    },
    "status_count": {
      "type": "counter",
      "contains": "default",
      "values": {
        "count": 178309,
        "rate": 197.91827332291055
      }
    },
    "data_received": {
      "type": "counter",
      "contains": "data",
      "values": {
        "count": 5736580444,
        "rate": 6367452.547288446
      }
    },
    "checks": {
      "values": {
        "rate": 1,
        "passes": 178309,
        "fails": 0
      },
      "type": "rate",
      "contains": "default"
    },
    "gs_requests": {
      "type": "counter",
      "contains": "default",
      "values": {
        "count": 178309,
        "rate": 197.91827332291055
      }
    },
    "data_sent": {
      "type": "counter",
      "contains": "data",
      "values": {
        "count": 39089875,
        "rate": 43388.72723423051
      }
    },
    "gs_latency": {
      "contains": "time",
      "values": {
        "max": 141.334481,
        "p(90)": 3.2072744,
        "p(95)": 3.6097896000000005,
        "p(99)": 5.550595320000073,
        "avg": 2.7888145029247204,
        "min": 1.842052,
        "med": 2.646839
      },
      "thresholds": {
        "p(95)<2000": {
          "ok": true
        }
      },
      "type": "trend"
    },
    "pages_discovered": {
      "type": "counter",
      "contains": "default",
      "values": {
        "rate": 0.041069021266159814,
        "count": 37
      }
    },
    "pages_tested": {
      "type": "counter",
      "contains": "default",
      "values": {
        "count": 178309,
        "rate": 197.91827332291055
      }
    },
    "vus": {
      "type": "gauge",
      "contains": "default",
      "values": {
        "value": 100,
        "min": 100,
        "max": 100
      }
    },
    "vus_max": {
      "type": "gauge",
      "contains": "default",
      "values": {
        "min": 100,
        "max": 100,
        "value": 100
      }
    },
    "http_req_duration{expected_response:true}": {
      "type": "trend",
      "contains": "time",
      "values": {
        "p(99)": 5.552041260000004,
        "avg": 2.7888737503561436,
        "min": 1.842052,
        "med": 2.6468439999999998,
        "max": 141.334481,
        "p(90)": 3.2073013,
        "p(95)": 3.6098258999999997
      }
    },
    "http_req_receiving": {
      "type": "trend",
      "contains": "time",
      "values": {
        "p(95)": 0.5446854999999999,
        "p(99)": 0.80795684,
        "avg": 0.25247813604957486,
        "min": 0.029696,
        "med": 0.215062,
        "max": 16.128691,
        "p(90)": 0.4291161
      }
    },
    "gs_iteration": {
      "contains": "time",
      "values": {
        "med": 506,
        "max": 1055,
        "p(90)": 904,
        "p(95)": 953,
        "p(99)": 994,
        "avg": 504.91748032909163,
        "min": 2
      },
      "type": "trend"
    },
    "http_req_tls_handshaking": {
      "type": "trend",
      "contains": "time",
      "values": {
        "med": 0,
        "max": 54.841073,
        "p(90)": 0,
        "p(95)": 0,
        "p(99)": 0,
        "avg": 0.013762425814592562,
        "min": 0
      }
    },
    "status_2xx": {
      "values": {
        "count": 178309,
        "rate": 197.91827332291055
      },
      "type": "counter",
      "contains": "default"
    },
    "status_200": {
      "type": "counter",
      "contains": "default",
      "values": {
        "rate": 197.91827332291055,
        "count": 178309
      }
    },
    "http_req_duration": {
      "type": "trend",
      "contains": "time",
      "values": {
        "p(99)": 5.552041260000004,
        "avg": 2.7888737503561436,
        "min": 1.842052,
        "med": 2.6468439999999998,
        "max": 141.334481,
        "p(90)": 3.2073013,
        "p(95)": 3.6098258999999997
      },
      "thresholds": {
        "p(95)<2000": {
          "ok": true
        }
      }
    },
    "gs_error_rate": {
      "values": {
        "rate": 0,
        "passes": 0,
        "fails": 178309
      },
      "thresholds": {
        "rate<0.05": {
          "ok": true
        }
      },
      "type": "rate",
      "contains": "default"
    }
  },