{
  "state": {
    "isStdOutTTY": false,
    "isStdErrTTY": false,
    "testRunDurationMs": 901164.818195
  },
  "metrics": {
    "status_count": {
      "type": "counter",
      "contains": "default",
      "values": {
        "count": 176421,
        "rate": 195.76995954343266
      }
    },
    "gs_requests": {
      "values": {
        "rate": 195.76995954343266,
        "count": 176421
      },
      "type": "counter",
      "contains": "default"
    },
    "http_req_duration": {
      "type": "trend",
      "contains": "time",
      "values": {
        "max": 225.625624,
        "p(90)": 10.4218443,
        "p(95)": 11.10076885,
        "p(99)": 12.416636660000002,
        "avg": 9.47378665201609,
        "min": 7.935146,
        "med": 9.058031499999998
      },
      "thresholds": {
        "p(95)<2000": {
          "ok": true
        }
      }
    },
    "http_req_connecting": {
      "type": "trend",
      "contains": "time",
      "values": {
        "max": 24.273315,
        "p(90)": 0,
        "p(95)": 0,
        "p(99)": 0,
        "avg": 0.006058572978426725,
        "min": 0,
        "med": 0
      }
    },
    "http_req_receiving": {
      "contains": "time",
      "values": {
        "p(90)": 0.4075228,
        "p(95)": 1.0011288999999997,
        "p(99)": 1.8684752300000012,
        "avg": 0.2970901958712634,
        "min": 0,
        "med": 0.2081365,
        "max": 68.558318
      },
      "type": "trend"
    },
    "http_req_blocked": {
      "contains": "time",
      "values": {
        "p(99)": 0.000511,
        "avg": 0.02353713725610854,
        "min": 0.00013,
        "med": 0.000291,
        "max": 55.209277,
        "p(90)": 0.00038,
        "p(95)": 0.000411
      },
      "type": "trend"
    },
    "http_req_failed": {
      "type": "rate",
      "contains": "default",
      "values": {
        "rate": 0.000005668227318588385,
        "passes": 1,
        "fails": 176421
      }
    },
    "gs_iteration": {
      "type": "trend",
      "contains": "time",
      "values": {
        "avg": 510.34380827679246,
        "min": 9,
        "med": 511,
        "max": 1238,
        "p(90)": 911,
        "p(95)": 961,
        "p(99)": 1000
      }
    },
    "checks": {
      "type": "rate",
      "contains": "default",
      "values": {
        "rate": 0.9999943317405524,
        "passes": 176420,
        "fails": 1
      }
    },
    "vus": {
      "values": {
        "value": 10,
        "min": 10,
        "max": 100
      },
      "type": "gauge",
      "contains": "default"
    },
    "gs_error_rate": {
      "type": "rate",
      "contains": "default",
      "values": {
        "rate": 0.000005668259447571434,
        "passes": 1,
        "fails": 176420
      },
      "thresholds": {
        "rate<0.05": {
          "ok": true
        }
      }
    },
    "status_2xx": {
      "type": "counter",
      "contains": "default",
      "values": {
        "count": 176420,
        "rate": 195.76884986850993
      }
    },
    "vus_max": {
      "type": "gauge",
      "contains": "default",
      "values": {
        "value": 100,
        "min": 100,
        "max": 100
      }
    },
    "gs_latency": {
      "type": "trend",
      "contains": "time",
      "values": {
        "avg": 9.472718298938235,
        "min": 7.935146,
        "med": 9.058017,
        "max": 225.625624,
        "p(90)": 10.421811,
        "p(95)": 11.100766,
        "p(99)": 12.416286599999996
      },
      "thresholds": {
        "p(95)<2000": {
          "ok": true
        }
      }
    },
    "http_req_duration{expected_response:true}": {
      "type": "trend",
      "contains": "time",
      "values": {
        "med": 9.058046,
        "max": 225.625624,
        "p(90)": 10.421848,
        "p(95)": 11.100769,
        "p(99)": 12.416640199999994,
        "avg": 9.473795373430502,
        "min": 8.09316
      }
    },
    "pages_discovered": {
      "type": "counter",
      "contains": "default",
      "values": {
        "count": 37,
        "rate": 0.04105797214111137
      }
    },
    "status_200": {
      "type": "counter",
      "contains": "default",
      "values": {
        "count": 176420,
        "rate": 195.76884986850993
      }
    },
    "http_req_sending": {
      "type": "trend",
      "contains": "time",
      "values": {
        "avg": 0.04563613674598436,
        "min": 0.012513,
        "med": 0.041888,
        "max": 0.435343,
        "p(90)": 0.059882,
        "p(95)": 0.066424,
        "p(99)": 0.08302479000000001
      }
    },
    "http_req_tls_handshaking": {
      "values": {
        "max": 46.655198,
        "p(90)": 0,
        "p(95)": 0,
        "p(99)": 0,
        "avg": 0.01703448151024248,
        "min": 0,
        "med": 0
      },
      "type": "trend",
      "contains": "time"
    },
    "pages_tested": {
      "values": {
        "rate": 195.76995954343266,
        "count": 176421
      },
      "type": "counter",
      "contains": "default"
    },
    "iterations": {
      "type": "counter",
      "contains": "default",
      "values": {
        "count": 176421,
        "rate": 195.76995954343266
      }
    },
    "status_other": {
      "values": {
        "count": 1,
        "rate": 0.0011096749227327398
      },
      "type": "counter",
      "contains": "default"
    },
    "http_reqs": {
      "type": "counter",
      "contains": "default",
      "values": {
        "count": 176422,
        "rate": 195.7710692183554
      }
    },
    "data_sent": {
      "type": "counter",
      "contains": "data",
      "values": {
        "count": 38891441,
        "rate": 43156.8567866399
      }
    },
    "iteration_duration": {
      "values": {
        "avg": 510.35563286687415,
        "min": 8.795019,
        "med": 511.209139,
        "max": 1237.821183,
        "p(90)": 910.989723,
        "p(95)": 960.677156,
        "p(99)": 1000.2247501999999
      },
      "type": "trend",
      "contains": "time"
    },
    "http_req_waiting": {
      "contains": "time",
      "values": {
        "max": 225.505249,
        "p(90)": 9.9815989,
        "p(95)": 10.6875038,
        "p(99)": 11.666247940000003,
        "avg": 9.131060319398928,
        "min": 7.8656,
        "med": 8.6937455
      },
      "type": "trend"
    },
    "data_received": {
      "type": "counter",
      "contains": "data",
      "values": {
        "count": 5666934689,
        "rate": 6288455.313147557
      }
    }
  },