{
  "state": {
    "isStdOutTTY": false,
    "isStdErrTTY": false,
    "testRunDurationMs": 900862.535496
  },
  "metrics": {
    "http_req_connecting": {
      "type": "trend",
      "contains": "time",
      "values": {
        "min": 0,
        "med": 0,
        "max": 17.516336,
        "p(90)": 0,
        "p(95)": 0,
        "p(99)": 0,
        "avg": 0.004233261283629998
      }
    },
    "http_req_blocked": {
      "type": "trend",
      "contains": "time",
      "values": {
        "avg": 0.020658900727541372,
        "min": 0.00012,
        "med": 0.0003,
        "max": 63.29204,
        "p(90)": 0.00046,
        "p(95)": 0.000541,
        "p(99)": 0.000841
      }
    },
    "iteration_duration": {
      "type": "trend",
      "contains": "time",
      "values": {
        "med": 503.586167,
        "max": 1091.471661,
        "p(90)": 904.179286,
        "p(95)": 953.4383057499999,
        "p(99)": 992.86684798,
        "avg": 503.47531127367097,
        "min": 2.272319
      }
    },
    "http_req_waiting": {
      "contains": "time",
      "values": {
        "min": 1.23269,
        "med": 1.953564,
        "max": 106.192571,
        "p(90)": 2.5419,
        "p(95)": 3.046694,
        "p(99)": 5.20158439999995,
        "avg": 2.115164700415544
      },
      "type": "trend"
    },
    "http_req_receiving": {
      "type": "trend",
      "contains": "time",
      "values": {
        "p(99)": 0.7236079999999999,
        "avg": 0.23192052420018097,
        "min": 0.043695,
        "med": 0.195644,
        "max": 20.141047,
        "p(90)": 0.398435,
        "p(95)": 0.506581
      }
    },
    "status_2xx": {
      "values": {
        "count": 178820,
        "rate": 198.4986531841339
      },
      "type": "counter",
      "contains": "default"
    },
    "vus_max": {
      "contains": "default",
      "values": {
        "max": 100,
        "value": 100,
        "min": 100
      },
      "type": "gauge"
    },
    "gs_latency": {
      "type": "trend",
      "contains": "time",
      "values": {
        "p(95)": 3.3453631499999994,
        "p(99)": 5.542224359999999,
        "avg": 2.4040255344144854,
        "min": 1.414153,
        "med": 2.2402635,
        "max": 106.390785,
        "p(90)": 2.862197
      },
      "thresholds": {
        "p(95)<2000": {
          "ok": true
        }
      }
    },
    "checks": {
      "contains": "default",
      "values": {
        "rate": 1,
        "passes": 178820,
        "fails": 0
      },
      "type": "rate"
    },
    "pages_tested": {
      "type": "counter",
      "contains": "default",
      "values": {
        "count": 178820,
        "rate": 198.4986531841339
      }
    },
    "http_req_failed": {
      "values": {
        "rate": 0,
        "passes": 0,
        "fails": 178821
      },
      "type": "rate",
      "contains": "default"
    },
    "data_sent": {
      "contains": "data",
      "values": {
        "count": 39955951,
        "rate": 44352.99440885386
      },
      "type": "counter"
    },
    "iterations": {
      "contains": "default",
      "values": {
        "count": 178820,
        "rate": 198.4986531841339
      },
      "type": "counter"
    },
    "http_req_duration": {
      "contains": "time",
      "values": {
        "avg": 2.4041361736149454,
        "min": 1.414153,
        "med": 2.240266,
        "max": 106.390785,
        "p(90)": 2.862206,
        "p(95)": 3.345442,
        "p(99)": 5.542428199999999
      },
      "thresholds": {
        "p(95)<2000": {
          "ok": true
        }
      },
      "type": "trend"
    },
    "http_req_tls_handshaking": {
      "type": "trend",
      "contains": "time",
      "values": {
        "p(90)": 0,
        "p(95)": 0,
        "p(99)": 0,
        "avg": 0.015967705252738773,
        "min": 0,
        "med": 0,
        "max": 55.472525
      }
    },
    "status_count": {
      "type": "counter",
      "contains": "default",
      "values": {
        "count": 178820,
        "rate": 198.4986531841339
      }
    },
    "http_reqs": {
      "type": "counter",
      "contains": "default",
      "values": {
        "count": 178821,
        "rate": 198.49976323140592
      }
    },
    "gs_requests": {
      "type": "counter",
      "contains": "default",
      "values": {
        "rate": 198.4986531841339,
        "count": 178820
      }
    },
    "gs_iteration": {
      "values": {
        "med": 504,
        "max": 1091,
        "p(90)": 904,
        "p(95)": 953,
        "p(99)": 993,
        "avg": 503.45843865339447,
        "min": 2
      },
      "type": "trend",
      "contains": "time"
    },
    "http_req_sending": {
      "values": {
        "p(90)": 0.074672,
        "p(95)": 0.084467,
        "p(99)": 0.107692,
        "avg": 0.05705094899927893,
        "min": 0.022173,
        "med": 0.053861,
        "max": 1.140945
      },
      "type": "trend",
      "contains": "time"
    },
    "vus": {
      "values": {
        "value": 100,
        "min": 100,
        "max": 100
      },
      "type": "gauge",
      "contains": "default"
    },
    "gs_error_rate": {
      "values": {
        "rate": 0,
        "passes": 0,
        "fails": 178820
      },
      "thresholds": {
        "rate<0.05": {
          "ok": true
        }
      },
      "type": "rate",
      "contains": "default"
    },
    "data_received": {
      "type": "counter",
      "contains": "data",
      "values": {
        "count": 5781109869,
        "rate": 6417305.239380409
      }
    },
    "http_req_duration{expected_response:true}": {
      "type": "trend",
      "contains": "time",
      "values": {
        "avg": 2.4041361736149454,
        "min": 1.414153,
        "med": 2.240266,
        "max": 106.390785,
        "p(90)": 2.862206,
        "p(95)": 3.345442,
        "p(99)": 5.542428199999999
      }
    },
    "pages_discovered": {
      "values": {
        "count": 37,
        "rate": 0.04107174906505399
      },
      "type": "counter",
      "contains": "default"
    },
    "status_200": {
      "type": "counter",
      "contains": "default",
      "values": {
        "count": 178820,
        "rate": 198.4986531841339
      }
    }
  },