{
  "root_group": {
    "checks": [
      {
        "path": "::status is 2xx",
        "id": "625da780c1868b693c9052f10511e6a0",
        "passes": 179061,
        "fails": 0,
        "name": "status is 2xx"
      }
    ],
    "name": "",
    "path": "",
    "id": "d41d8cd98f00b204e9800998ecf8427e",
    "groups": []
  },
  "options": {
    "summaryTrendStats": [
      "avg",
      "min",
      "med",
      "max",
      "p(90)",
      "p(95)",
      "p(99)"
    ],
    "summaryTimeUnit": "",
    "noColor": false
  },
  "state": {
    "isStdErrTTY": false,
    "testRunDurationMs": 900949.564429,
    "isStdOutTTY": false
  },
  "metrics": {
    "http_req_duration{expected_response:true}": {
      "type": "trend",
      "contains": "time",
      "values": {
        "avg": 2.4340110875673764,
        "min": 1.581719,
        "med": 2.264202,
        "max": 413.988146,
        "p(90)": 2.8008654,
        "p(95)": 3.2593677999999997,
        "p(99)": 4.987932589999975
      }
    },
    "http_req_connecting": {
      "type": "trend",
      "contains": "time",
      "values": {
        "p(90)": 0,
        "p(95)": 0,
        "p(99)": 0,
        "avg": 0.006659116512716264,
        "min": 0,
        "med": 0,
        "max": 28.925245
      }
    },
    "http_req_waiting": {
      "values": {
        "p(95)": 2.915779749999999,
        "p(99)": 4.553553859999997,
        "avg": 2.1281649961745344,
        "min": 1.336251,
        "med": 1.969432,
        "max": 413.827816,
        "p(90)": 2.4325991
      },
      "type": "trend",
      "contains": "time"
    },
    "http_req_tls_handshaking": {
      "type": "trend",
      "contains": "time",
      "values": {
        "p(99)": 0,
        "avg": 0.011263290240251982,
        "min": 0,
        "med": 0,
        "max": 46.429044,
        "p(90)": 0,
        "p(95)": 0
      }
    },
    "http_req_receiving": {
      "contains": "time",
      "values": {
        "p(90)": 0.41235209999999994,
        "p(95)": 0.5364842499999998,
        "p(99)": 0.8068775199999944,
        "avg": 0.24866500331728467,
        "min": 0.035694,
        "med": 0.208711,
        "max": 46.573725
      },
      "type": "trend"
    },
    "data_sent": {
      "values": {
        "count": 39617321,
        "rate": 43972.85104977935
      },
      "type": "counter",
      "contains": "data"
    },
    "iterations": {
      "type": "counter",
      "contains": "default",
      "values": {
        "count": 179061,
        "rate": 198.74697438084064
      }
    },
    "checks": {
      "type": "rate",
      "contains": "default",
      "values": {
        "passes": 179061,
        "fails": 0,
        "rate": 1
      }
    },
    "gs_error_rate": {
      "values": {
        "rate": 0,
        "passes": 0,
        "fails": 179061
      },
      "thresholds": {
        "rate<0.05": {
          "ok": true
        }
      },
      "type": "rate",
      "contains": "default"
    },
    "gs_iteration": {
      "type": "trend",
      "contains": "time",
      "values": {
        "avg": 502.7612322057846,
        "min": 2,
        "med": 504,
        "max": 1203,
        "p(90)": 901,
        "p(95)": 952,
        "p(99)": 993
      }
    },
    "http_req_sending": {
      "type": "trend",
      "contains": "time",
      "values": {
        "p(99)": 0.11700328999999984,
        "avg": 0.05718108807563974,
        "min": 0.02677,
        "med": 0.051366,
        "max": 0.470766,
        "p(90)": 0.080701,
        "p(95)": 0.092473
      }
    },
    "pages_discovered": {
      "type": "counter",
      "contains": "default",
      "values": {
        "count": 37,
        "rate": 0.04106778166150699
      }
    },
    "gs_requests": {
      "type": "counter",
      "contains": "default",
      "values": {
        "count": 179061,
        "rate": 198.74697438084064
      }
    },
    "iteration_duration": {
      "type": "trend",
      "contains": "time",
      "values": {
        "avg": 502.77833688807357,
        "min": 2.369569,
        "med": 504.327228,
        "max": 1203.052087,
        "p(90)": 901.427411,
        "p(95)": 952.369872,
        "p(99)": 992.9618518
      }
    },
    "http_req_duration": {
      "type": "trend",
      "contains": "time",
      "values": {
        "max": 413.988146,
        "p(90)": 2.8008654,
        "p(95)": 3.2593677999999997,
        "p(99)": 4.987932589999975,
        "avg": 2.4340110875673764,
        "min": 1.581719,
        "med": 2.264202
      },
      "thresholds": {
        "p(95)<2000": {
          "ok": true
        }
      }
    },
    "http_req_blocked": {
      "type": "trend",
      "contains": "time",
      "values": {
        "p(99)": 0.000702,
        "avg": 0.018637023042297536,
        "min": 0.00015,
        "med": 0.000291,
        "max": 56.455509,
        "p(90)": 0.0004,
        "p(95)": 0.000461
      }
    },
    "data_received": {
      "type": "counter",
      "contains": "data",
      "values": {
        "count": 5758835515,
        "rate": 6391962.150123032
      }
    },
    "http_reqs": {
      "type": "counter",
      "contains": "default",
      "values": {
        "count": 179062,
        "rate": 198.74808432088554
      }
    },
    "http_req_failed": {
      "type": "rate",
      "contains": "default",
      "values": {
        "rate": 0,
        "passes": 0,
        "fails": 179062
      }
    },
    "status_count": {
      "type": "counter",
      "contains": "default",
      "values": {
        "count": 179061,
        "rate": 198.74697438084064
      }
    },
    "gs_latency": {
      "values": {
        "avg": 2.4337765027224787,
        "min": 1.581719,
        "med": 2.264202,
        "max": 413.988146,
        "p(90)": 2.80086,
        "p(95)": 3.259364,
        "p(99)": 4.985849599999987
      },
      "thresholds": {
        "p(95)<2000": {
          "ok": true
        }
      },
      "type": "trend",
      "contains": "time"
    },
    "vus_max": {
      "contains": "default",
      "values": {
        "value": 100,
        "min": 100,
        "max": 100
      },
      "type": "gauge"
    },
    "status_200": {
      "values": {
        "count": 179061,
        "rate": 198.74697438084064
      },
      "type": "counter",
      "contains": "default"
    },
    "pages_tested": {
      "type": "counter",
      "contains": "default",
      "values": {
        "count": 179061,
        "rate": 198.74697438084064
      }
    },
    "vus": {
      "type": "gauge",
      "contains": "default",
      "values": {
        "value": 100,
        "min": 100,
        "max": 100
      }
    },
    "status_2xx": {
      "contains": "default",
      "values": {
        "count": 179061,
        "rate": 198.74697438084064
      },
      "type": "counter"
    }
  },