{
  "options": {
    "summaryTimeUnit": "",
    "noColor": false,
    "summaryTrendStats": [
      "avg",
      "min",
      "med",
      "max",
      "p(90)",
      "p(95)",
      "p(99)"
    ]
  },
  "state": {
    "isStdOutTTY": false,
    "isStdErrTTY": false,
    "testRunDurationMs": 900940.68404
  },
  "metrics": {
    "data_sent": {
      "values": {
        "count": 36734883,
        "rate": 40773.91958288904
      },
      "type": "counter",
      "contains": "data"
    },
    "iteration_duration": {
      "type": "trend",
      "contains": "time",
      "values": {
        "min": 2.7256,
        "med": 505.97749250000004,
        "max": 1202.034691,
        "p(90)": 905.788134,
        "p(95)": 955.417057,
        "p(99)": 995.7817997999999,
        "avg": 506.0870443340923
      }
    },
    "http_req_sending": {
      "type": "trend",
      "contains": "time",
      "values": {
        "avg": 0.049182820530982024,
        "min": 0.017061,
        "med": 0.044755,
        "max": 1.564212,
        "p(90)": 0.067226,
        "p(95)": 0.07443,
        "p(99)": 0.09605076000000015
      }
    },
    "http_req_duration": {
      "type": "trend",
      "contains": "time",
      "values": {
        "avg": 5.257960021765414,
        "min": 1.837424,
        "med": 3.555275,
        "max": 618.815341,
        "p(90)": 8.055384399999998,
        "p(95)": 12.561892999999994,
        "p(99)": 33.26769096000018
      },
      "thresholds": {
        "p(95)<2000": {
          "ok": true
        }
      }
    },
    "http_req_duration{expected_response:true}": {
      "type": "trend",
      "contains": "time",
      "values": {
        "min": 1.837424,
        "med": 3.555275,
        "max": 618.815341,
        "p(90)": 8.055384399999998,
        "p(95)": 12.561892999999994,
        "p(99)": 33.26769096000018,
        "avg": 5.257960021765414
      }
    },
    "http_req_connecting": {
      "type": "trend",
      "contains": "time",
      "values": {
        "p(95)": 0,
        "p(99)": 0,
        "avg": 0.004803370855045336,
        "min": 0,
        "med": 0,
        "max": 29.247858,
        "p(90)": 0
      }
    },
    "http_req_tls_handshaking": {
      "type": "trend",
      "contains": "time",
      "values": {
        "avg": 0.020067830463695282,
        "min": 0,
        "med": 0,
        "max": 78.210125,
        "p(90)": 0,
        "p(95)": 0,
        "p(99)": 0
      }
    },
    "gs_latency": {
      "type": "trend",
      "contains": "time",
      "values": {
        "p(95)": 12.56090775,
        "p(99)": 33.26791944999973,
        "avg": 5.25788463983452,
        "min": 1.837424,
        "med": 3.555268,
        "max": 618.815341,
        "p(90)": 8.0551465
      },
      "thresholds": {
        "p(95)<2000": {
          "ok": true
        }
      }
    },
    "http_reqs": {
      "values": {
        "count": 177897,
        "rate": 197.45695044236868
      },
      "type": "counter",
      "contains": "default"
    },
    "http_req_blocked": {
      "type": "trend",
      "contains": "time",
      "values": {
        "p(99)": 0.000551,
        "avg": 0.025281203494100877,
        "min": 0.00012,
        "med": 0.000281,
        "max": 84.232854,
        "p(90)": 0.000371,
        "p(95)": 0.00041
      }
    },
    "status_2xx": {
      "type": "counter",
      "contains": "default",
      "values": {
        "count": 177896,
        "rate": 197.4558404913833
      }
    },
    "status_200": {
      "type": "counter",
      "contains": "default",
      "values": {
        "count": 177896,
        "rate": 197.4558404913833
      }
    },
    "gs_error_rate": {
      "type": "rate",
      "contains": "default",
      "values": {
        "passes": 0,
        "fails": 177896,
        "rate": 0
      },
      "thresholds": {
        "rate<0.05": {
          "ok": true
        }
      }
    },
    "pages_discovered": {
      "values": {
        "count": 43,
        "rate": 0.047727892370427
      },
      "type": "counter",
      "contains": "default"
    },
    "gs_iteration": {
      "values": {
        "p(95)": 955,
        "p(99)": 996,
        "avg": 506.0736272878536,
        "min": 3,
        "med": 506,
        "max": 1202,
        "p(90)": 906
      },
      "type": "trend",
      "contains": "time"
    },
    "checks": {
      "type": "rate",
      "contains": "default",
      "values": {
        "rate": 1,
        "passes": 177896,
        "fails": 0
      }
    },
    "http_req_failed": {
      "type": "rate",
      "contains": "default",
      "values": {
        "rate": 0,
        "passes": 0,
        "fails": 177897
      }
    },
    "status_count": {
      "type": "counter",
      "contains": "default",
      "values": {
        "count": 177896,
        "rate": 197.4558404913833
      }
    },
    "vus": {
      "values": {
        "value": 100,
        "min": 100,
        "max": 100
      },
      "type": "gauge",
      "contains": "default"
    },
    "http_req_waiting": {
      "contains": "time",
      "values": {
        "avg": 4.892233110929301,
        "min": 1.635767,
        "med": 3.244051,
        "max": 577.931454,
        "p(90)": 7.613713799999993,
        "p(95)": 11.932056799999987,
        "p(99)": 31.9627059600003
      },
      "type": "trend"
    },
    "data_received": {
      "type": "counter",
      "contains": "data",
      "values": {
        "rate": 5889684.302195873,
        "count": 5306256204
      }
    },
    "pages_tested": {
      "type": "counter",
      "contains": "default",
      "values": {
        "count": 177896,
        "rate": 197.4558404913833
      }
    },
    "gs_requests": {
      "contains": "default",
      "values": {
        "count": 177896,
        "rate": 197.4558404913833
      },
      "type": "counter"
    },
    "http_req_receiving": {
      "type": "trend",
      "contains": "time",
      "values": {
        "p(90)": 0.5377607999999998,
        "p(95)": 0.7325163999999998,
        "p(99)": 1.916149440000006,
        "avg": 0.31654409030506453,
        "min": 0.029776,
        "med": 0.215233,
        "max": 86.876415
      }
    },
    "iterations": {
      "contains": "default",
      "values": {
        "count": 177896,
        "rate": 197.4558404913833
      },
      "type": "counter"
    },
    "vus_max": {
      "type": "gauge",
      "contains": "default",
      "values": {
        "value": 100,
        "min": 100,
        "max": 100
      }
    }
  },