{
  "state": {
    "testRunDurationMs": 901134.518293,
    "isStdOutTTY": false,
    "isStdErrTTY": false
  },
  "metrics": {
    "http_req_connecting": {
      "values": {
        "med": 0,
        "max": 13.773165,
        "p(90)": 0,
        "p(95)": 0,
        "p(99)": 0,
        "avg": 0.005515864586579927,
        "min": 0
      },
      "type": "trend",
      "contains": "time"
    },
    "gs_latency": {
      "type": "trend",
      "contains": "time",
      "values": {
        "max": 241.088694,
        "p(90)": 9.273565,
        "p(95)": 9.79365675,
        "p(99)": 10.786668750000002,
        "avg": 8.99449005093326,
        "min": 7.931844,
        "med": 8.788438
      },
      "thresholds": {
        "p(95)<2000": {
          "ok": true
        }
      }
    },
    "gs_iteration": {
      "type": "trend",
      "contains": "time",
      "values": {
        "p(95)": 959,
        "p(99)": 1000,
        "avg": 510.18060136230207,
        "min": 8,
        "med": 511,
        "max": 1238,
        "p(90)": 909
      }
    },
    "iterations": {
      "type": "counter",
      "contains": "default",
      "values": {
        "rate": 195.82647919677495,
        "count": 176466
      }
    },
    "data_sent": {
      "type": "counter",
      "contains": "data",
      "values": {
        "count": 38937607,
        "rate": 43209.53887523772
      }
    },
    "http_req_duration": {
      "contains": "time",
      "values": {
        "avg": 8.995055873069688,
        "min": 7.931844,
        "med": 8.788438,
        "max": 241.088694,
        "p(90)": 9.2735856,
        "p(95)": 9.793738499999998,
        "p(99)": 10.787354379999995
      },
      "thresholds": {
        "p(95)<2000": {
          "ok": true
        }
      },
      "type": "trend"
    },
    "http_req_waiting": {
      "type": "trend",
      "contains": "time",
      "values": {
        "min": 7.768407,
        "med": 8.491841,
        "max": 239.262901,
        "p(90)": 8.8293214,
        "p(95)": 9.0050657,
        "p(99)": 10.1304002,
        "avg": 8.652825156732034
      }
    },
    "vus": {
      "type": "gauge",
      "contains": "default",
      "values": {
        "max": 100,
        "value": 3,
        "min": 3
      }
    },
    "http_req_blocked": {
      "contains": "time",
      "values": {
        "med": 0.000291,
        "max": 58.034002,
        "p(90)": 0.000381,
        "p(95)": 0.000421,
        "p(99)": 0.000551,
        "avg": 0.02161187209506374,
        "min": 0.00015
      },
      "type": "trend"
    },
    "http_req_receiving": {
      "contains": "time",
      "values": {
        "avg": 0.2914890520550586,
        "min": 0.034635,
        "med": 0.207939,
        "max": 18.230415,
        "p(90)": 0.41863799999999995,
        "p(95)": 0.9706496999999998,
        "p(99)": 1.7258092599999988
      },
      "type": "trend"
    },
    "checks": {
      "type": "rate",
      "contains": "default",
      "values": {
        "rate": 1,
        "passes": 176466,
        "fails": 0
      }
    },
    "data_received": {
      "type": "counter",
      "contains": "data",
      "values": {
        "count": 5682171713,
        "rate": 6305575.469202553
      }
    },
    "http_req_duration{expected_response:true}": {
      "type": "trend",
      "contains": "time",
      "values": {
        "p(95)": 9.793738499999998,
        "p(99)": 10.787354379999995,
        "avg": 8.995055873069688,
        "min": 7.931844,
        "med": 8.788438,
        "max": 241.088694,
        "p(90)": 9.2735856
      }
    },
    "status_2xx": {
      "type": "counter",
      "contains": "default",
      "values": {
        "count": 176466,
        "rate": 195.82647919677495
      }
    },
    "status_200": {
      "type": "counter",
      "contains": "default",
      "values": {
        "count": 176466,
        "rate": 195.82647919677495
      }
    },
    "http_req_tls_handshaking": {
      "type": "trend",
      "contains": "time",
      "values": {
        "p(95)": 0,
        "p(99)": 0,
        "avg": 0.015602280862710876,
        "min": 0,
        "med": 0,
        "max": 48.122165,
        "p(90)": 0
      }
    },
    "pages_tested": {
      "type": "counter",
      "contains": "default",
      "values": {
        "count": 176466,
        "rate": 195.82647919677495
      }
    },
    "status_count": {
      "contains": "default",
      "values": {
        "count": 176466,
        "rate": 195.82647919677495
      },
      "type": "counter"
    },
    "gs_requests": {
      "values": {
        "count": 176466,
        "rate": 195.82647919677495
      },
      "type": "counter",
      "contains": "default"
    },
    "iteration_duration": {
      "type": "trend",
      "contains": "time",
      "values": {
        "p(90)": 908.6470515,
        "p(95)": 959.18474175,
        "p(99)": 999.50872845,
        "avg": 510.1939765384432,
        "min": 8.525016,
        "med": 510.7930265,
        "max": 1237.985169
      }
    },
    "pages_discovered": {
      "type": "counter",
      "contains": "default",
      "values": {
        "count": 37,
        "rate": 0.04105935268142687
      }
    },
    "http_req_failed": {
      "type": "rate",
      "contains": "default",
      "values": {
        "rate": 0,
        "passes": 0,
        "fails": 176467
      }
    },
    "http_req_sending": {
      "type": "trend",
      "contains": "time",
      "values": {
        "avg": 0.05074166428284037,
        "min": 0.012744,
        "med": 0.046477,
        "max": 5.289314,
        "p(90)": 0.068538,
        "p(95)": 0.075532,
        "p(99)": 0.09589273999999996
      }
    },
    "vus_max": {
      "contains": "default",
      "values": {
        "value": 100,
        "min": 100,
        "max": 100
      },
      "type": "gauge"
    },
    "gs_error_rate": {
      "type": "rate",
      "contains": "default",
      "values": {
        "fails": 176466,
        "rate": 0,
        "passes": 0
      },
      "thresholds": {
        "rate<0.05": {
          "ok": true
        }
      }
    },
    "http_reqs": {
      "type": "counter",
      "contains": "default",
      "values": {
        "count": 176467,
        "rate": 195.8275889090096
      }
    }
  },