{
  "state": {
    "isStdOutTTY": false,
    "isStdErrTTY": false,
    "testRunDurationMs": 901003.863763
  },
  "metrics": {
    "status_200": {
      "type": "counter",
      "contains": "default",
      "values": {
        "count": 178916,
        "rate": 198.57406521295678
      }
    },
    "vus": {
      "values": {
        "value": 1,
        "min": 1,
        "max": 100
      },
      "type": "gauge",
      "contains": "default"
    },
    "gs_latency": {
      "type": "trend",
      "contains": "time",
      "values": {
        "p(95)": 3.20029625,
        "p(99)": 5.432970250000001,
        "avg": 2.3469892625646027,
        "min": 1.272207,
        "med": 2.192864,
        "max": 80.300075,
        "p(90)": 2.76685
      },
      "thresholds": {
        "p(95)<2000": {
          "ok": true
        }
      }
    },
    "http_req_tls_handshaking": {
      "type": "trend",
      "contains": "time",
      "values": {
        "max": 61.293732,
        "p(90)": 0,
        "p(95)": 0,
        "p(99)": 0,
        "avg": 0.016344151165065362,
        "min": 0,
        "med": 0
      }
    },
    "pages_discovered": {
      "type": "counter",
      "contains": "default",
      "values": {
        "count": 37,
        "rate": 0.04106530669632342
      }
    },
    "iteration_duration": {
      "type": "trend",
      "contains": "time",
      "values": {
        "p(90)": 903.6536229999999,
        "p(95)": 953.5798904999999,
        "p(99)": 993.1386784,
        "avg": 503.1923296802225,
        "min": 2.052537,
        "med": 503.1481855,
        "max": 1070.608684
      }
    },
    "vus_max": {
      "type": "gauge",
      "contains": "default",
      "values": {
        "value": 100,
        "min": 100,
        "max": 100
      }
    },
    "http_req_duration": {
      "type": "trend",
      "contains": "time",
      "values": {
        "p(99)": 5.434291599999995,
        "avg": 2.3470475868531686,
        "min": 1.272207,
        "med": 2.192864,
        "max": 80.300075,
        "p(90)": 2.7668611999999997,
        "p(95)": 3.2006225999999995
      },
      "thresholds": {
        "p(95)<2000": {
          "ok": true
        }
      }
    },
    "http_req_failed": {
      "type": "rate",
      "contains": "default",
      "values": {
        "rate": 0,
        "passes": 0,
        "fails": 178917
      }
    },
    "data_received": {
      "values": {
        "count": 5758816949,
        "rate": 6391556.3302343385
      },
      "type": "counter",
      "contains": "data"
    },
    "gs_requests": {
      "type": "counter",
      "contains": "default",
      "values": {
        "count": 178916,
        "rate": 198.57406521295678
      }
    },
    "http_req_sending": {
      "type": "trend",
      "contains": "time",
      "values": {
        "p(95)": 0.075992,
        "p(99)": 0.09852423999999997,
        "avg": 0.055092624954588255,
        "min": 0.018097,
        "med": 0.052808,
        "max": 16.043933,
        "p(90)": 0.06856559999999995
      }
    },
    "http_req_receiving": {
      "type": "trend",
      "contains": "time",
      "values": {
        "avg": 0.24002097986776288,
        "min": 0.034241,
        "med": 0.201458,
        "max": 27.579915,
        "p(90)": 0.4111802,
        "p(95)": 0.5231389999999999,
        "p(99)": 0.7499907999999995
      }
    },
    "pages_tested": {
      "type": "counter",
      "contains": "default",
      "values": {
        "count": 178916,
        "rate": 198.57406521295678
      }
    },
    "http_req_blocked": {
      "type": "trend",
      "contains": "time",
      "values": {
        "avg": 0.022674410475246,
        "min": 0.00011,
        "med": 0.000291,
        "max": 71.431415,
        "p(90)": 0.00042,
        "p(95)": 0.000501,
        "p(99)": 0.000791
      }
    },
    "status_2xx": {
      "values": {
        "count": 178916,
        "rate": 198.57406521295678
      },
      "type": "counter",
      "contains": "default"
    },
    "http_reqs": {
      "type": "counter",
      "contains": "default",
      "values": {
        "rate": 198.57517508611073,
        "count": 178917
      }
    },
    "http_req_duration{expected_response:true}": {
      "type": "trend",
      "contains": "time",
      "values": {
        "p(90)": 2.7668611999999997,
        "p(95)": 3.2006225999999995,
        "p(99)": 5.434291599999995,
        "avg": 2.3470475868531686,
        "min": 1.272207,
        "med": 2.192864,
        "max": 80.300075
      }
    },
    "http_req_connecting": {
      "type": "trend",
      "contains": "time",
      "values": {
        "min": 0,
        "med": 0,
        "max": 42.585602,
        "p(90)": 0,
        "p(95)": 0,
        "p(99)": 0,
        "avg": 0.00575409141669042
      }
    },
    "http_req_waiting": {
      "type": "trend",
      "contains": "time",
      "values": {
        "min": 1.071675,
        "med": 1.903526,
        "max": 78.616393,
        "p(90)": 2.4353841999999997,
        "p(95)": 2.884918599999998,
        "p(99)": 5.055978279999983,
        "avg": 2.051933982030766
      }
    },
    "checks": {
      "contains": "default",
      "values": {
        "rate": 1,
        "passes": 178916,
        "fails": 0
      },
      "type": "rate"
    },
    "gs_iteration": {
      "type": "trend",
      "contains": "time",
      "values": {
        "p(99)": 993,
        "avg": 503.17649623286906,
        "min": 2,
        "med": 503,
        "max": 1071,
        "p(90)": 904,
        "p(95)": 954
      }
    },
    "iterations": {
      "type": "counter",
      "contains": "default",
      "values": {
        "count": 178916,
        "rate": 198.57406521295678
      }
    },
    "gs_error_rate": {
      "type": "rate",
      "contains": "default",
      "values": {
        "rate": 0,
        "passes": 0,
        "fails": 178916
      },
      "thresholds": {
        "rate<0.05": {
          "ok": true
        }
      }
    },
    "status_count": {
      "type": "counter",
      "contains": "default",
      "values": {
        "count": 178916,
        "rate": 198.57406521295678
      }
    },
    "data_sent": {
      "type": "counter",
      "contains": "data",
      "values": {
        "count": 39621679,
        "rate": 43975.03783671019
      }
    }
  },