{
  "options": {
    "summaryTrendStats": [
      "avg",
      "min",
      "med",
      "max",
      "p(90)",
      "p(95)",
      "p(99)"
    ],
    "summaryTimeUnit": "",
    "noColor": false
  },
  "state": {
    "isStdOutTTY": false,
    "isStdErrTTY": false,
    "testRunDurationMs": 901080.604776
  },
  "metrics": {
    "http_req_receiving": {
      "contains": "time",
      "values": {
        "avg": 0.3561917996000131,
        "min": 0.023867,
        "med": 0.194982,
        "max": 30.489967,
        "p(90)": 0.984701,
        "p(95)": 1.26201275,
        "p(99)": 2.6688666000000034
      },
      "type": "trend"
    },
    "data_received": {
      "type": "counter",
      "contains": "data",
      "values": {
        "count": 5609560034,
        "rate": 6225369.855113554
      }
    },
    "iteration_duration": {
      "type": "trend",
      "contains": "time",
      "values": {
        "avg": 515.9211877006502,
        "min": 9.713613,
        "med": 516.94359,
        "max": 1170.891961,
        "p(90)": 914.3843528,
        "p(95)": 963.9259043999999,
        "p(99)": 1003.9546080399999
      }
    },
    "http_req_sending": {
      "type": "trend",
      "contains": "time",
      "values": {
        "min": 0.009722,
        "med": 0.031547,
        "max": 0.374506,
        "p(90)": 0.0511325,
        "p(95)": 0.10121925000000001,
        "p(99)": 0.13273670000000007,
        "avg": 0.038437217602833224
      }
    },
    "iterations": {
      "type": "counter",
      "contains": "default",
      "values": {
        "rate": 193.66192000479276,
        "count": 174505
      }
    },
    "http_req_failed": {
      "contains": "default",
      "values": {
        "rate": 0,
        "passes": 0,
        "fails": 174506
      },
      "type": "rate"
    },
    "status_200": {
      "type": "counter",
      "contains": "default",
      "values": {
        "count": 174505,
        "rate": 193.66192000479276
      }
    },
    "pages_tested": {
      "type": "counter",
      "contains": "default",
      "values": {
        "count": 174505,
        "rate": 193.66192000479276
      }
    },
    "http_req_waiting": {
      "values": {
        "p(90)": 14.38824,
        "p(95)": 14.632866,
        "p(99)": 15.769470550000005,
        "avg": 12.947806328808118,
        "min": 8.951846,
        "med": 13.5660215,
        "max": 205.315301
      },
      "type": "trend",
      "contains": "time"
    },
    "status_count": {
      "type": "counter",
      "contains": "default",
      "values": {
        "count": 174505,
        "rate": 193.66192000479276
      }
    },
    "gs_iteration": {
      "values": {
        "avg": 515.9072003667517,
        "min": 10,
        "med": 517,
        "max": 1171,
        "p(90)": 914,
        "p(95)": 964,
        "p(99)": 1004
      },
      "type": "trend",
      "contains": "time"
    },
    "gs_latency": {
      "values": {
        "avg": 13.34215855957167,
        "min": 9.120094,
        "med": 13.823949,
        "max": 217.704157,
        "p(90)": 14.9201484,
        "p(95)": 15.4603052,
        "p(99)": 17.329820319999996
      },
      "thresholds": {
        "p(95)<2000": {
          "ok": true
        }
      },
      "type": "trend",
      "contains": "time"
    },
    "http_req_tls_handshaking": {
      "values": {
        "p(90)": 0,
        "p(95)": 0,
        "p(99)": 0,
        "avg": 0.017066236158069067,
        "min": 0,
        "med": 0,
        "max": 48.921009
      },
      "type": "trend",
      "contains": "time"
    },
    "pages_discovered": {
      "type": "counter",
      "contains": "default",
      "values": {
        "count": 37,
        "rate": 0.041061809347453265
      }
    },
    "gs_error_rate": {
      "contains": "default",
      "values": {
        "rate": 0,
        "passes": 0,
        "fails": 174505
      },
      "thresholds": {
        "rate<0.05": {
          "ok": true
        }
      },
      "type": "rate"
    },
    "data_sent": {
      "type": "counter",
      "contains": "data",
      "values": {
        "count": 38561251,
        "rate": 42794.45234489978
      }
    },
    "status_2xx": {
      "type": "counter",
      "contains": "default",
      "values": {
        "count": 174505,
        "rate": 193.66192000479276
      }
    },
    "http_req_duration{expected_response:true}": {
      "values": {
        "p(99)": 17.329976600000002,
        "avg": 13.34243534601134,
        "min": 9.120094,
        "med": 13.823953,
        "max": 217.704157,
        "p(90)": 14.920185,
        "p(95)": 15.460567999999999
      },
      "type": "trend",
      "contains": "time"
    },
    "http_req_blocked": {
      "type": "trend",
      "contains": "time",
      "values": {
        "max": 63.518793,
        "p(90)": 0.000367,
        "p(95)": 0.000987,
        "p(99)": 0.001369,
        "avg": 0.025857795393853387,
        "min": 0.000099,
        "med": 0.000202
      }
    },
    "vus_max": {
      "type": "gauge",
      "contains": "default",
      "values": {
        "value": 100,
        "min": 100,
        "max": 100
      }
    },
    "http_req_duration": {
      "values": {
        "min": 9.120094,
        "med": 13.823953,
        "max": 217.704157,
        "p(90)": 14.920185,
        "p(95)": 15.460567999999999,
        "p(99)": 17.329976600000002,
        "avg": 13.34243534601134
      },
      "thresholds": {
        "p(95)<2000": {
          "ok": true
        }
      },
      "type": "trend",
      "contains": "time"
    },
    "http_reqs": {
      "type": "counter",
      "contains": "default",
      "values": {
        "count": 174506,
        "rate": 193.66302978342378
      }
    },
    "http_req_connecting": {
      "type": "trend",
      "contains": "time",
      "values": {
        "avg": 0.008331856795754876,
        "min": 0,
        "med": 0,
        "max": 29.387954,
        "p(90)": 0,
        "p(95)": 0,
        "p(99)": 0
      }
    },
    "checks": {
      "type": "rate",
      "contains": "default",
      "values": {
        "fails": 0,
        "rate": 1,
        "passes": 174505
      }
    },
    "gs_requests": {
      "type": "counter",
      "contains": "default",
      "values": {
        "count": 174505,
        "rate": 193.66192000479276
      }
    },
    "vus": {
      "contains": "default",
      "values": {
        "value": 6,
        "min": 6,
        "max": 100
      },
      "type": "gauge"
    }
  },