{
  "state": {
    "isStdOutTTY": false,
    "isStdErrTTY": false,
    "testRunDurationMs": 900949.169371
  },
  "metrics": {
    "gs_requests": {
      "type": "counter",
      "contains": "default",
      "values": {
        "rate": 197.69261802455364,
        "count": 178111
      }
    },
    "pages_discovered": {
      "type": "counter",
      "contains": "default",
      "values": {
        "count": 43,
        "rate": 0.04772744285898011
      }
    },
    "status_count": {
      "values": {
        "count": 178111,
        "rate": 197.69261802455364
      },
      "type": "counter",
      "contains": "default"
    },
    "status_2xx": {
      "type": "counter",
      "contains": "default",
      "values": {
        "rate": 197.69261802455364,
        "count": 178111
      }
    },
    "iterations": {
      "values": {
        "count": 178111,
        "rate": 197.69261802455364
      },
      "type": "counter",
      "contains": "default"
    },
    "http_req_duration{expected_response:true}": {
      "type": "trend",
      "contains": "time",
      "values": {
        "p(90)": 7.621631699999999,
        "p(95)": 11.816254249999979,
        "p(99)": 29.926799019999752,
        "avg": 4.8901157611445205,
        "min": 1.830258,
        "med": 3.301301,
        "max": 880.358271
      }
    },
    "checks": {
      "type": "rate",
      "contains": "default",
      "values": {
        "rate": 1,
        "passes": 178111,
        "fails": 0
      }
    },
    "gs_error_rate": {
      "type": "rate",
      "contains": "default",
      "values": {
        "rate": 0,
        "passes": 0,
        "fails": 178111
      },
      "thresholds": {
        "rate<0.05": {
          "ok": true
        }
      }
    },
    "http_req_tls_handshaking": {
      "type": "trend",
      "contains": "time",
      "values": {
        "avg": 0.017590528886318714,
        "min": 0,
        "med": 0,
        "max": 67.01622,
        "p(90)": 0,
        "p(95)": 0,
        "p(99)": 0
      }
    },
    "http_req_waiting": {
      "type": "trend",
      "contains": "time",
      "values": {
        "avg": 4.518432409354867,
        "min": 1.267117,
        "med": 2.9859715,
        "max": 850.771649,
        "p(90)": 7.162787399999999,
        "p(95)": 11.18548449999999,
        "p(99)": 28.559369689999993
      }
    },
    "http_req_sending": {
      "values": {
        "p(90)": 0.073437,
        "p(95)": 0.08444149999999982,
        "p(99)": 0.111517,
        "avg": 0.0524237550698432,
        "min": 0.013535,
        "med": 0.047248,
        "max": 1.973692
      },
      "type": "trend",
      "contains": "time"
    },
    "status_200": {
      "type": "counter",
      "contains": "default",
      "values": {
        "count": 178111,
        "rate": 197.69261802455364
      }
    },
    "pages_tested": {
      "type": "counter",
      "contains": "default",
      "values": {
        "count": 178111,
        "rate": 197.69261802455364
      }
    },
    "iteration_duration": {
      "type": "trend",
      "contains": "time",
      "values": {
        "max": 1673.154106,
        "p(90)": 905.392638,
        "p(95)": 955.2275334999999,
        "p(99)": 995.7892604,
        "avg": 505.47276919089467,
        "min": 2.570372,
        "med": 505.677968
      }
    },
    "vus_max": {
      "type": "gauge",
      "contains": "default",
      "values": {
        "max": 100,
        "value": 100,
        "min": 100
      }
    },
    "http_req_blocked": {
      "contains": "time",
      "values": {
        "p(95)": 0.000431,
        "p(99)": 0.000631,
        "avg": 0.025443853418011083,
        "min": 0.00013,
        "med": 0.000281,
        "max": 93.88594,
        "p(90)": 0.00038
      },
      "type": "trend"
    },
    "http_req_connecting": {
      "type": "trend",
      "contains": "time",
      "values": {
        "p(90)": 0,
        "p(95)": 0,
        "p(99)": 0,
        "avg": 0.006969690891124683,
        "min": 0,
        "med": 0,
        "max": 59.673386
      }
    },
    "gs_latency": {
      "type": "trend",
      "contains": "time",
      "values": {
        "med": 3.301281,
        "max": 880.358271,
        "p(90)": 7.621458,
        "p(95)": 11.815120499999999,
        "p(99)": 29.926964199999905,
        "avg": 4.890061403057492,
        "min": 1.830258
      },
      "thresholds": {
        "p(95)<2000": {
          "ok": true
        }
      }
    },
    "data_received": {
      "type": "counter",
      "contains": "data",
      "values": {
        "count": 5333753596,
        "rate": 5920149.301789993
      }
    },
    "vus": {
      "type": "gauge",
      "contains": "default",
      "values": {
        "max": 100,
        "value": 100,
        "min": 100
      }
    },
    "http_req_duration": {
      "type": "trend",
      "contains": "time",
      "values": {
        "min": 1.830258,
        "med": 3.301301,
        "max": 880.358271,
        "p(90)": 7.621631699999999,
        "p(95)": 11.816254249999979,
        "p(99)": 29.926799019999752,
        "avg": 4.8901157611445205
      },
      "thresholds": {
        "p(95)<2000": {
          "ok": true
        }
      }
    },
    "gs_iteration": {
      "type": "trend",
      "contains": "time",
      "values": {
        "med": 506,
        "max": 1673,
        "p(90)": 905,
        "p(95)": 955,
        "p(99)": 996,
        "avg": 505.45696784589387,
        "min": 2
      }
    },
    "data_sent": {
      "type": "counter",
      "contains": "data",
      "values": {
        "count": 36876338,
        "rate": 40930.542203335746
      }
    },
    "http_reqs": {
      "values": {
        "count": 178112,
        "rate": 197.69372796508526
      },
      "type": "counter",
      "contains": "default"
    },
    "http_req_receiving": {
      "type": "trend",
      "contains": "time",
      "values": {
        "max": 106.877227,
        "p(90)": 0.536246,
        "p(95)": 0.7340646499999993,
        "p(99)": 1.912561459999992,
        "avg": 0.31925959672003623,
        "min": 0.030737,
        "med": 0.2157395
      }
    },
    "http_req_failed": {
      "type": "rate",
      "contains": "default",
      "values": {
        "rate": 0,
        "passes": 0,
        "fails": 178112
      }
    }
  },