{
  "root_group": {
    "groups": [],
    "checks": [
        {
          "name": "status is 2xx",
          "path": "::status is 2xx",
          "id": "625da780c1868b693c9052f10511e6a0",
          "passes": 35129,
          "fails": 0
        }
      ],
    "name": "",
    "path": "",
    "id": "d41d8cd98f00b204e9800998ecf8427e"
  },
  "options": {
    "summaryTrendStats": [
      "avg",
      "min",
      "med",
      "max",
      "p(90)",
      "p(95)",
      "p(99)"
    ],
    "summaryTimeUnit": "",
    "noColor": false
  },
  "state": {
    "testRunDurationMs": 181068.201031,
    "isStdOutTTY": false,
    "isStdErrTTY": false
  },
  "metrics": {
    "http_req_duration{expected_response:true}": {
      "contains": "time",
      "values": {
        "p(99)": 20.09759159,
        "avg": 13.945125109535986,
        "min": 8.993506,
        "med": 14.1691805,
        "max": 201.763851,
        "p(90)": 15.597634,
        "p(95)": 16.545008499999994
      },
      "type": "trend"
    },
    "http_req_waiting": {
      "type": "trend",
      "contains": "time",
      "values": {
        "med": 13.842843,
        "max": 189.038492,
        "p(90)": 14.7249526,
        "p(95)": 15.223411349999997,
        "p(99)": 17.797655469999963,
        "avg": 13.397511988755921,
        "min": 8.772301
      }
    },
    "pages_discovered": {
      "values": {
        "count": 37,
        "rate": 0.20434289283994914
      },
      "type": "counter",
      "contains": "default"
    },
    "gs_error_rate": {
      "type": "rate",
      "contains": "default",
      "values": {
        "rate": 0,
        "passes": 0,
        "fails": 35129
      }
    },
    "gs_latency": {
      "values": {
        "max": 201.763851,
        "p(90)": 15.597200200000001,
        "p(95)": 16.5441042,
        "p(99)": 20.095233000000007,
        "avg": 13.943953193686106,
        "min": 8.993506,
        "med": 14.169174
      },
      "thresholds": {
        "p(95)<2000": {
          "ok": true
        }
      },
      "type": "trend",
      "contains": "time"
    },
    "http_req_blocked": {
      "contains": "time",
      "values": {
        "min": 0.00014,
        "med": 0.000291,
        "max": 77.719057,
        "p(90)": 0.000401,
        "p(95)": 0.000461,
        "p(99)": 0.000671,
        "avg": 0.14366731690859272
      },
      "type": "trend"
    },
    "http_req_duration": {
      "values": {
        "med": 14.1691805,
        "max": 201.763851,
        "p(90)": 15.597634,
        "p(95)": 16.545008499999994,
        "p(99)": 20.09759159,
        "avg": 13.945125109535986,
        "min": 8.993506
      },
      "thresholds": {
        "p(95)<2000": {
          "ok": true
        }
      },
      "type": "trend",
      "contains": "time"
    },
    "http_req_receiving": {
      "type": "trend",
      "contains": "time",
      "values": {
        "avg": 0.4950730667805301,
        "min": 0.04846,
        "med": 0.2382445,
        "max": 29.782621,
        "p(90)": 1.1310518,
        "p(95)": 1.813844899999998,
        "p(99)": 3.4000699599999984
      }
    },
    "checks": {
      "type": "rate",
      "contains": "default",
      "values": {
        "rate": 1,
        "passes": 35129,
        "fails": 0
      }
    },
    "iterations": {
      "type": "counter",
      "contains": "default",
      "values": {
        "count": 35129,
        "rate": 194.00976979931278
      }
    },
    "data_sent": {
      "contains": "data",
      "values": {
        "count": 8113959,
        "rate": 44811.617687695696
      },
      "type": "counter"
    },
    "pages_tested": {
      "type": "counter",
      "contains": "default",
      "values": {
        "count": 35129,
        "rate": 194.00976979931278
      }
    },
    "vus_max": {
      "type": "gauge",
      "contains": "default",
      "values": {
        "max": 100,
        "value": 100,
        "min": 100
      }
    },
    "gs_requests": {
      "type": "counter",
      "contains": "default",
      "values": {
        "count": 35129,
        "rate": 194.00976979931278
      }
    },
    "data_received": {
      "type": "counter",
      "contains": "data",
      "values": {
        "count": 1143216643,
        "rate": 6313735.026307983
      }
    },
    "gs_iteration": {
      "values": {
        "min": 10,
        "med": 513,
        "max": 1191,
        "p(90)": 915,
        "p(95)": 964,
        "p(99)": 1004,
        "avg": 513.3332574226423
      },
      "type": "trend",
      "contains": "time"
    },
    "vus": {
      "type": "gauge",
      "contains": "default",
      "values": {
        "min": 3,
        "max": 100,
        "value": 3
      }
    },
    "http_reqs": {
      "contains": "default",
      "values": {
        "count": 35130,
        "rate": 194.01529258020034
      },
      "type": "counter"
    },
    "http_req_failed": {
      "contains": "default",
      "values": {
        "rate": 0,
        "passes": 0,
        "fails": 35130
      },
      "type": "rate"
    },
    "iteration_duration": {
      "type": "trend",
      "contains": "time",
      "values": {
        "min": 10.682387,
        "med": 513.210783,
        "max": 1190.874671,
        "p(90)": 915.4669678,
        "p(95)": 963.6691956,
        "p(99)": 1004.26903896,
        "avg": 513.346610994932
      }
    },
    "http_req_connecting": {
      "type": "trend",
      "contains": "time",
      "values": {
        "p(95)": 0,
        "p(99)": 0,
        "avg": 0.04066248852832337,
        "min": 0,
        "med": 0,
        "max": 22.450628,
        "p(90)": 0
      }
    },
    "http_req_sending": {
      "type": "trend",
      "contains": "time",
      "values": {
        "p(95)": 0.06918284999999998,
        "p(99)": 0.088806,
        "avg": 0.052540053999430215,
        "min": 0.012543,
        "med": 0.049211,
        "max": 26.057959,
        "p(90)": 0.0635481
      }
    },
    "http_req_tls_handshaking": {
      "type": "trend",
      "contains": "time",
      "values": {
        "med": 0,
        "max": 63.555783,
        "p(90)": 0,
        "p(95)": 0,
        "p(99)": 0,
        "avg": 0.10071673370338743,
        "min": 0
      }
    }
  },