{
  "state": {
    "isStdOutTTY": false,
    "isStdErrTTY": false,
    "testRunDurationMs": 180971.462626
  },
  "metrics": {
    "http_req_duration{expected_response:true}": {
      "type": "trend",
      "contains": "time",
      "values": {
        "p(95)": 4.246939800000001,
        "p(99)": 15.279444080000001,
        "avg": 3.322789637302711,
        "min": 1.817404,
        "med": 2.434334,
        "max": 262.055825,
        "p(90)": 3.6499658000000004
      }
    },
    "http_req_blocked": {
      "type": "trend",
      "contains": "time",
      "values": {
        "med": 0.0003,
        "max": 195.19073,
        "p(90)": 0.000381,
        "p(95)": 0.00044,
        "p(99)": 0.000691,
        "avg": 0.2417258973949465,
        "min": 0.00013
      }
    },
    "http_req_sending": {
      "contains": "time",
      "values": {
        "p(95)": 0.074117,
        "p(99)": 0.09582006999999997,
        "avg": 0.055364214877305085,
        "min": 0.028282,
        "med": 0.052928,
        "max": 3.153201,
        "p(90)": 0.06748840000000003
      },
      "type": "trend"
    },
    "vus_max": {
      "type": "gauge",
      "contains": "default",
      "values": {
        "value": 200,
        "min": 200,
        "max": 200
      }
    },
    "data_sent": {
      "type": "counter",
      "contains": "data",
      "values": {
        "count": 7442615,
        "rate": 41125.90400720299
      }
    },
    "data_received": {
      "type": "counter",
      "contains": "data",
      "values": {
        "count": 748274922,
        "rate": 4134767.499483623
      }
    },
    "http_req_waiting": {
      "type": "trend",
      "contains": "time",
      "values": {
        "max": 245.403691,
        "p(90)": 2.5381008,
        "p(95)": 3.1095865999999996,
        "p(99)": 4.834778599999997,
        "avg": 2.272055444402472,
        "min": 1.509936,
        "med": 2.00603
      }
    },
    "pages_discovered": {
      "type": "counter",
      "contains": "default",
      "values": {
        "count": 37,
        "rate": 0.2044521244571311
      }
    },
    "pages_tested": {
      "values": {
        "rate": 394.96282431952324,
        "count": 71477
      },
      "type": "counter",
      "contains": "default"
    },
    "http_req_duration": {
      "type": "trend",
      "contains": "time",
      "values": {
        "avg": 2.4926006941996164,
        "min": 1.595355,
        "med": 2.161908,
        "max": 262.055825,
        "p(90)": 2.7803155000000004,
        "p(95)": 3.4019906499999992,
        "p(99)": 5.724301209999998
      },
      "thresholds": {
        "p(95)<2000": {
          "ok": true
        }
      }
    },
    "http_req_receiving": {
      "type": "trend",
      "contains": "time",
      "values": {
        "avg": 0.16518103491983607,
        "min": 0.010459,
        "med": 0.06680900000000001,
        "max": 70.844835,
        "p(90)": 0.2515689000000001,
        "p(95)": 0.3453985499999999,
        "p(99)": 0.8422455099999978
      }
    },
    "iterations": {
      "type": "counter",
      "contains": "default",
      "values": {
        "count": 71477,
        "rate": 394.96282431952324
      }
    },
    "http_req_connecting": {
      "contains": "time",
      "values": {
        "avg": 0.08677536611265008,
        "min": 0,
        "med": 0,
        "max": 187.476472,
        "p(90)": 0,
        "p(95)": 0,
        "p(99)": 0
      },
      "type": "trend"
    },
    "http_reqs": {
      "type": "counter",
      "contains": "default",
      "values": {
        "count": 71478,
        "rate": 394.96835005261664
      }
    },
    "checks": {
      "values": {
        "rate": 0.2898274969570631,
        "passes": 20716,
        "fails": 50761
      },
      "type": "rate",
      "contains": "default"
    },
    "gs_iteration": {
      "contains": "time",
      "values": {
        "p(99)": 993,
        "avg": 504.5605859227444,
        "min": 2,
        "med": 505,
        "max": 1157,
        "p(90)": 903,
        "p(95)": 952
      },
      "type": "trend"
    },
    "iteration_duration": {
      "values": {
        "med": 505.040948,
        "max": 1156.763388,
        "p(90)": 903.212407,
        "p(95)": 952.4285481999999,
        "p(99)": 993.1437188000001,
        "avg": 504.57462453379236,
        "min": 1.958993
      },
      "type": "trend",
      "contains": "time"
    },
    "vus": {
      "values": {
        "value": 1,
        "min": 1,
        "max": 200
      },
      "type": "gauge",
      "contains": "default"
    },
    "http_req_failed": {
      "type": "rate",
      "contains": "default",
      "values": {
        "rate": 0.7101625675032878,
        "passes": 50761,
        "fails": 20717
      }
    },
    "gs_requests": {
      "type": "counter",
      "contains": "default",
      "values": {
        "count": 71477,
        "rate": 394.96282431952324
      }
    },
    "gs_error_rate": {
      "type": "rate",
      "contains": "default",
      "values": {
        "rate": 0.7101725030429369,
        "passes": 50761,
        "fails": 20716
      }
    },
    "gs_latency": {
      "type": "trend",
      "contains": "time",
      "values": {
        "med": 2.161908,
        "max": 262.055825,
        "p(90)": 2.7802612,
        "p(95)": 3.4019036,
        "p(99)": 5.722159360000014,
        "avg": 2.492124113770867,
        "min": 1.595355
      },
      "thresholds": {
        "p(95)<2000": {
          "ok": true
        }
      }
    },
    "http_req_tls_handshaking": {
      "contains": "time",
      "values": {
        "p(95)": 0,
        "p(99)": 0,
        "avg": 0.15357910629844146,
        "min": 0,
        "med": 0,
        "max": 152.381863,
        "p(90)": 0
      },
      "type": "trend"
    }
  },
  "setup_data": {
    "urls": [
      "https://nclsbayona.github.io/p/connectivity-networking/",
      "https://nclsbayona.github.io/p/kubernetes-talos/",
      "https://nclsbayona.github.io/p/deployment-secure-webpages/",
      "https://nclsbayona.github.io/p/containers-internals/",
      "https://nclsbayona.github.io/p/certs-real-value/",
      "https://nclsbayona.github.io/p/containers-security/",
      "https://nclsbayona.github.io/p/kubernetes-security/",
      "https://nclsbayona.github.io/p/kubernetes-architecture/",
      "https://nclsbayona.github.io/p/kubenomicon/",
      "https://nclsbayona.github.io/p/github-static-deployment-tutorial/",
      "https://nclsbayona.github.io/p/kubernetes-intro/",
      "https://nclsbayona.github.io/p/gitrepo-exec-vulnerability/",
      "https://nclsbayona.github.io/p/clustering-and-orchestration/",
      "https://nclsbayona.github.io/p/containers-intro/",
      "https://nclsbayona.github.io/p/leaky-vessels-vulnerability/",
      "https://nclsbayona.github.io/",
      "https://nclsbayona.github.io/categories/",
      "https://nclsbayona.github.io/tags/devops/",
      "https://nclsbayona.github.io/tags/devsecops/",
      "https://nclsbayona.github.io/categories/fundamentals/",
      "https://nclsbayona.github.io/categories/networking/",
      "https://nclsbayona.github.io/post/",
      "https://nclsbayona.github.io/tags/",
      "https://nclsbayona.github.io/categories/tutorials/",
      "https://nclsbayona.github.io/categories/cybersecurity/",
      "https://nclsbayona.github.io/categories/kubernetes/",
      "https://nclsbayona.github.io/tags/introductory/",
      "https://nclsbayona.github.io/categories/containers/",
      "https://nclsbayona.github.io/tags/non-technical/",
      "https://nclsbayona.github.io/categories/non-technical/",
      "https://nclsbayona.github.io/page/about/",
      "https://nclsbayona.github.io/page/archives/",
      "https://nclsbayona.github.io/page/favorites/",
      "https://nclsbayona.github.io/page/",
      "https://nclsbayona.github.io/structure/",
      "https://nclsbayona.github.io/page/search/",
      "https://nclsbayona.github.io/page/quote/"
    ]
  },
  "root_group": {
    "checks": [
      {
        "name": "status is 2xx",