{
  "options": {
    "summaryTrendStats": [
      "avg",
      "min",
      "med",
      "max",
      "p(90)",
      "p(95)",
      "p(99)"
    ],
    "summaryTimeUnit": "",
    "noColor": false
  },
  "state": {
    "isStdOutTTY": false,
    "isStdErrTTY": false,
    "testRunDurationMs": 31234.118409
  },
  "metrics": {
    "iterations": {
      "type": "counter",
      "contains": "default",
      "values": {
        "count": 378,
        "rate": 12.102150444914772
      }
    },
    "http_reqs": {
      "type": "counter",
      "contains": "default",
      "values": {
        "count": 379,
        "rate": 12.134166715933064
      }
    },
    "iteration_duration": {
      "type": "trend",
      "contains": "time",
      "values": {
        "avg": 809.3510099444434,
        "min": 28.264603,
        "med": 850.492971,
        "max": 1545.255624,
        "p(90)": 1404.5642569000001,
        "p(95)": 1473.19268295,
        "p(99)": 1512.4302543800002
      }
    },
    "vus_max": {
      "type": "gauge",
      "contains": "default",
      "values": {
        "value": 10,
        "min": 10,
        "max": 10
      }
    },
    "http_req_sending": {
      "contains": "time",
      "values": {
        "med": 0.06428,
        "max": 1.392486,
        "p(90)": 0.092004,
        "p(95)": 0.10869519999999998,
        "p(99)": 0.14310149999999974,
        "avg": 0.07191792612137211,
        "min": 0.040486
      },
      "type": "trend"
    },
    "http_req_duration{expected_response:true}": {
      "type": "trend",
      "contains": "time",
      "values": {
        "min": 9.583062,
        "med": 16.286651,
        "max": 129.314688,
        "p(90)": 55.3263464,
        "p(95)": 63.4796425,
        "p(99)": 78.20504481999996,
        "avg": 24.38327471503957
      }
    },
    "http_req_waiting": {
      "type": "trend",
      "contains": "time",
      "values": {
        "p(90)": 53.6559836,
        "p(95)": 61.1421235,
        "p(99)": 69.90834807999987,
        "avg": 23.07956090237466,
        "min": 9.378316,
        "med": 15.464515,
        "max": 125.923584
      }
    },
    "status_2xx": {
      "type": "counter",
      "contains": "default",
      "values": {
        "rate": 12.102150444914772,
        "count": 378
      }
    },
    "http_error_rate": {
      "values": {
        "rate": 0,
        "passes": 0,
        "fails": 378
      },
      "thresholds": {
        "rate<0.01": {
          "ok": true
        }
      },
      "type": "rate",
      "contains": "default"
    },
    "http_req_connecting": {
      "type": "trend",
      "contains": "time",
      "values": {
        "max": 14.241336,
        "p(90)": 0,
        "p(95)": 0,
        "p(99)": 13.53787142,
        "avg": 0.3474925540897098,
        "min": 0,
        "med": 0
      }
    },
    "page_duration": {
      "values": {
        "p(90)": 55.3297046,
        "p(95)": 63.48993425,
        "p(99)": 78.22078613000002,
        "avg": 24.3137865079365,
        "min": 9.583062,
        "med": 16.283968,
        "max": 129.314688
      },
      "type": "trend",
      "contains": "time"
    },
    "check_pass_rate": {
      "type": "rate",
      "contains": "default",
      "values": {
        "rate": 1,
        "passes": 378,
        "fails": 0
      },
      "thresholds": {
        "rate>0.99": {
          "ok": true
        }
      }
    },
    "data_sent": {
      "type": "counter",
      "contains": "data",
      "values": {
        "count": 68446,
        "rate": 2191.3856861180857
      }
    },
    "vus": {
      "type": "gauge",
      "contains": "default",
      "values": {
        "value": 3,
        "min": 3,
        "max": 10
      }
    },
    "pages_discovered": {
      "type": "counter",
      "contains": "default",
      "values": {
        "count": 37,
        "rate": 1.1846020276768428
      }
    },
    "data_received": {
      "type": "counter",
      "contains": "data",
      "values": {
        "count": 13166279,
        "rate": 421535.15676646034
      }
    },
    "http_req_duration": {
      "type": "trend",
      "contains": "time",
      "values": {
        "p(90)": 55.3263464,
        "p(95)": 63.4796425,
        "p(99)": 78.20504481999996,
        "avg": 24.38327471503957,
        "min": 9.583062,
        "med": 16.286651,
        "max": 129.314688
      },
      "thresholds": {
        "p(95)<1500": {
          "ok": true
        }
      }
    },
    "http_req_blocked": {
      "type": "trend",
      "contains": "time",
      "values": {
        "p(99)": 32.53948345999999,
        "avg": 0.9423120131926133,
        "min": 0.000271,
        "med": 0.00036,
        "max": 74.489542,
        "p(90)": 0.000571,
        "p(95)": 0.0007480999999999976
      }
    },
    "http_req_failed": {
      "type": "rate",
      "contains": "default",
      "values": {
        "rate": 0,
        "passes": 0,
        "fails": 379
      },
      "thresholds": {
        "rate<0.01": {
          "ok": true
        }
      }
    },
    "pages_tested": {
      "type": "counter",
      "contains": "default",
      "values": {
        "count": 378,
        "rate": 12.102150444914772
      }
    },
    "http_req_receiving": {
      "type": "trend",
      "contains": "time",
      "values": {
        "p(90)": 2.5947312,
        "p(95)": 3.887577199999996,
        "p(99)": 14.886815459999998,
        "avg": 1.2317958865435354,
        "min": 0.068167,
        "med": 0.378757,
        "max": 18.801068
      }
    },
    "status_count": {
      "type": "counter",
      "contains": "default",
      "values": {
        "count": 378,
        "rate": 12.102150444914772
      }
    },
    "http_req_tls_handshaking": {
      "contains": "time",
      "values": {
        "p(90)": 0,
        "p(95)": 0,
        "p(99)": 18.516850039999998,
        "avg": 0.4818045382585752,
        "min": 0,
        "med": 0,
        "max": 20.14484
      },
      "type": "trend"
    },
    "checks": {
      "type": "rate",
      "contains": "default",
      "values": {
        "rate": 1,
        "passes": 380,
        "fails": 0
      }
    }
  },