{
  "options": {
    "summaryTimeUnit": "",
    "noColor": false,
    "summaryTrendStats": [
      "avg",
      "min",
      "med",
      "max",
      "p(90)",
      "p(95)",
      "p(99)"
    ]
  },
  "state": {
    "isStdOutTTY": false,
    "isStdErrTTY": false,
    "testRunDurationMs": 901009.523239
  },
  "metrics": {
    "pages_tested": {
      "contains": "default",
      "values": {
        "count": 178769,
        "rate": 198.40966758858562
      },
      "type": "counter"
    },
    "http_req_connecting": {
      "values": {
        "med": 0,
        "max": 25.330519,
        "p(90)": 0,
        "p(95)": 0,
        "p(99)": 0,
        "avg": 0.0062949718576942445,
        "min": 0
      },
      "type": "trend",
      "contains": "time"
    },
    "vus_max": {
      "contains": "default",
      "values": {
        "value": 100,
        "min": 100,
        "max": 100
      },
      "type": "gauge"
    },
    "http_req_duration{expected_response:true}": {
      "type": "trend",
      "contains": "time",
      "values": {
        "max": 140.013079,
        "p(90)": 2.7170248000000004,
        "p(95)": 3.30364465,
        "p(99)": 6.333418479999994,
        "avg": 2.347161131073442,
        "min": 1.529844,
        "med": 2.125616
      }
    },
    "http_req_duration": {
      "type": "trend",
      "contains": "time",
      "values": {
        "p(95)": 3.30364465,
        "p(99)": 6.333418479999994,
        "avg": 2.347161131073442,
        "min": 1.529844,
        "med": 2.125616,
        "max": 140.013079,
        "p(90)": 2.7170248000000004
      },
      "thresholds": {
        "p(95)<2000": {
          "ok": true
        }
      }
    },
    "http_req_tls_handshaking": {
      "type": "trend",
      "contains": "time",
      "values": {
        "p(95)": 0,
        "p(99)": 0,
        "avg": 0.02026420707613134,
        "min": 0,
        "med": 0,
        "max": 68.35853,
        "p(90)": 0
      }
    },
    "iteration_duration": {
      "type": "trend",
      "contains": "time",
      "values": {
        "min": 2.075362,
        "med": 504.029158,
        "max": 1098.96782,
        "p(90)": 903.2158014,
        "p(95)": 953.1473982,
        "p(99)": 992.9052684000001,
        "avg": 503.5933278383156
      }
    },
    "vus": {
      "values": {
        "value": 2,
        "min": 2,
        "max": 100
      },
      "type": "gauge",
      "contains": "default"
    },
    "status_2xx": {
      "type": "counter",
      "contains": "default",
      "values": {
        "rate": 198.40966758858562,
        "count": 178769
      }
    },
    "http_req_blocked": {
      "type": "trend",
      "contains": "time",
      "values": {
        "max": 75.530773,
        "p(90)": 0.000371,
        "p(95)": 0.000391,
        "p(99)": 0.000511,
        "avg": 0.02726112949033982,
        "min": 0.00012,
        "med": 0.000281
      }
    },
    "gs_requests": {
      "type": "counter",
      "contains": "default",
      "values": {
        "count": 178769,
        "rate": 198.40966758858562
      }
    },
    "http_req_sending": {
      "contains": "time",
      "values": {
        "p(95)": 0.068357,
        "p(99)": 0.086841,
        "avg": 0.04655629089332679,
        "min": 0.017513,
        "med": 0.042158,
        "max": 2.245995,
        "p(90)": 0.062466
      },
      "type": "trend"
    },
    "http_req_receiving": {
      "type": "trend",
      "contains": "time",
      "values": {
        "med": 0.185533,
        "max": 10.727793,
        "p(90)": 0.3860282,
        "p(95)": 0.49639219999999973,
        "p(99)": 0.7474561099999993,
        "avg": 0.22046128606029738,
        "min": 0.031779
      }
    },
    "iterations": {
      "type": "counter",
      "contains": "default",
      "values": {
        "count": 178769,
        "rate": 198.40966758858562
      }
    },
    "data_received": {
      "type": "counter",
      "contains": "data",
      "values": {
        "rate": 5920301.61659573,
        "count": 5334248137
      }
    },
    "status_count": {
      "values": {
        "count": 178769,
        "rate": 198.40966758858562
      },
      "type": "counter",
      "contains": "default"
    },
    "gs_error_rate": {
      "type": "rate",
      "contains": "default",
      "values": {
        "rate": 0,
        "passes": 0,
        "fails": 178769
      },
      "thresholds": {
        "rate<0.05": {
          "ok": true
        }
      }
    },
    "gs_latency": {
      "type": "trend",
      "contains": "time",
      "values": {
        "max": 140.013079,
        "p(90)": 2.7170206,
        "p(95)": 3.3036314000000004,
        "p(99)": 6.33165132000001,
        "avg": 2.346928779022085,
        "min": 1.529844,
        "med": 2.125614
      },
      "thresholds": {
        "p(95)<2000": {
          "ok": true
        }
      }
    },
    "checks": {
      "contains": "default",
      "values": {
        "rate": 1,
        "passes": 178769,
        "fails": 0
      },
      "type": "rate"
    },
    "http_reqs": {
      "values": {
        "count": 178770,
        "rate": 198.41077745476815
      },
      "type": "counter",
      "contains": "default"
    },
    "http_req_waiting": {
      "values": {
        "min": 1.343425,
        "med": 1.8660385000000002,
        "max": 139.529531,
        "p(90)": 2.4222825,
        "p(95)": 3.0142215999999995,
        "p(99)": 5.9758007099999935,
        "avg": 2.080143554119861
      },
      "type": "trend",
      "contains": "time"
    },
    "gs_iteration": {
      "type": "trend",
      "contains": "time",
      "values": {
        "avg": 503.58069911449974,
        "min": 2,
        "med": 504,
        "max": 1099,
        "p(90)": 903,
        "p(95)": 953,
        "p(99)": 993
      }
    },
    "http_req_failed": {
      "type": "rate",
      "contains": "default",
      "values": {
        "fails": 178770,
        "rate": 0,
        "passes": 0
      }
    },
    "pages_discovered": {
      "type": "counter",
      "contains": "default",
      "values": {
        "count": 43,
        "rate": 0.04772424584972328
      }
    },
    "data_sent": {
      "type": "counter",
      "contains": "data",
      "values": {
        "count": 36780855,
        "rate": 40821.827129837766
      }
    },
    "status_200": {
      "contains": "default",
      "values": {
        "count": 178769,
        "rate": 198.40966758858562
      },
      "type": "counter"
    }
  },