{
  "state": {
    "isStdErrTTY": false,
    "testRunDurationMs": 181487.349672,
    "isStdOutTTY": false
  },
  "metrics": {
    "iterations": {
      "type": "counter",
      "contains": "default",
      "values": {
        "count": 47483,
        "rate": 261.6325605383267
      }
    },
    "vus_max": {
      "type": "gauge",
      "contains": "default",
      "values": {
        "value": 200,
        "min": 200,
        "max": 200
      }
    },
    "http_req_duration{expected_response:true}": {
      "type": "trend",
      "contains": "time",
      "values": {
        "avg": 8.443807371514625,
        "min": 0.820534,
        "med": 2.977496,
        "max": 642.750203,
        "p(90)": 16.681055700000044,
        "p(95)": 35.00769929999996,
        "p(99)": 95.28697908999952
      }
    },
    "http_req_tls_handshaking": {
      "values": {
        "p(90)": 0,
        "p(95)": 0,
        "p(99)": 0,
        "avg": 0.26089698106730697,
        "min": 0,
        "med": 0,
        "max": 186.852662
      },
      "type": "trend",
      "contains": "time"
    },
    "http_req_receiving": {
      "type": "trend",
      "contains": "time",
      "values": {
        "p(90)": 0.5535208000000001,
        "p(95)": 0.8391856999999997,
        "p(99)": 2.6085879599999853,
        "avg": 0.35983810293993684,
        "min": 0.039934,
        "med": 0.202993,
        "max": 55.088682
      }
    },
    "status_2xx": {
      "type": "counter",
      "contains": "default",
      "values": {
        "count": 47483,
        "rate": 261.6325605383267
      }
    },
    "http_req_failed": {
      "type": "rate",
      "contains": "default",
      "values": {
        "passes": 0,
        "fails": 47484,
        "rate": 0
      },
      "thresholds": {
        "rate<0.01": {
          "ok": true
        }
      }
    },
    "http_error_rate": {
      "type": "rate",
      "contains": "default",
      "values": {
        "rate": 0,
        "passes": 0,
        "fails": 47483
      },
      "thresholds": {
        "rate<0.01": {
          "ok": true
        }
      }
    },
    "http_req_waiting": {
      "type": "trend",
      "contains": "time",
      "values": {
        "p(90)": 16.021992100000006,
        "p(95)": 34.156790649999984,
        "p(99)": 93.03153126999977,
        "avg": 8.031685154241446,
        "min": 0.669728,
        "med": 2.655323,
        "max": 642.421118
      }
    },
    "data_sent": {
      "values": {
        "count": 5388528,
        "rate": 29690.928925562166
      },
      "type": "counter",
      "contains": "data"
    },
    "http_req_sending": {
      "type": "trend",
      "contains": "time",
      "values": {
        "p(90)": 0.06345530000000005,
        "p(95)": 0.069059,
        "p(99)": 0.0926840299999999,
        "avg": 0.052284114333248935,
        "min": 0.025789,
        "med": 0.050014,
        "max": 0.483784
      }
    },
    "check_pass_rate": {
      "type": "rate",
      "contains": "default",
      "values": {
        "passes": 47483,
        "fails": 0,
        "rate": 1
      },
      "thresholds": {
        "rate>0.99": {
          "ok": true
        }
      }
    },
    "http_reqs": {
      "type": "counter",
      "contains": "default",
      "values": {
        "count": 47484,
        "rate": 261.638070564242
      }
    },
    "data_received": {
      "type": "counter",
      "contains": "data",
      "values": {
        "count": 1541087949,
        "rate": 8491434.536815874
      }
    },
    "page_duration": {
      "contains": "time",
      "values": {
        "avg": 8.442346364109268,
        "min": 0.820534,
        "med": 2.977436,
        "max": 642.750203,
        "p(90)": 16.67353260000001,
        "p(95)": 34.98520360000001,
        "p(99)": 95.28974286000008
      },
      "type": "trend"
    },
    "status_count": {
      "type": "counter",
      "contains": "default",
      "values": {
        "count": 47483,
        "rate": 261.6325605383267
      }
    },
    "http_req_blocked": {
      "type": "trend",
      "contains": "time",
      "values": {
        "p(99)": 0.000691,
        "avg": 0.4416414939347936,
        "min": 0.00015,
        "med": 0.0003,
        "max": 199.953143,
        "p(90)": 0.000391,
        "p(95)": 0.000441
      }
    },
    "pages_discovered": {
      "type": "counter",
      "contains": "default",
      "values": {
        "count": 37,
        "rate": 0.20387095886776502
      }
    },
    "iteration_duration": {
      "type": "trend",
      "contains": "time",
      "values": {
        "p(90)": 1358.7683644,
        "p(95)": 1433.7642942000002,
        "p(99)": 1494.24452848,
        "avg": 760.2792179059904,
        "min": 2.35434,
        "med": 763.327651,
        "max": 1909.999458
      }
    },
    "checks": {
      "type": "rate",
      "contains": "default",
      "values": {
        "rate": 1,
        "passes": 47485,
        "fails": 0
      }
    },
    "http_req_duration": {
      "thresholds": {
        "p(95)<1500": {
          "ok": true
        }
      },
      "type": "trend",
      "contains": "time",
      "values": {
        "p(99)": 95.28697908999952,
        "avg": 8.443807371514625,
        "min": 0.820534,
        "med": 2.977496,
        "max": 642.750203,
        "p(90)": 16.681055700000044,
        "p(95)": 35.00769929999996
      }
    },
    "http_req_connecting": {
      "contains": "time",
      "values": {
        "p(90)": 0,
        "p(95)": 0,
        "p(99)": 0,
        "avg": 0.17883181183135383,
        "min": 0,
        "med": 0,
        "max": 191.302463
      },
      "type": "trend"
    },
    "vus": {
      "type": "gauge",
      "contains": "default",
      "values": {
        "value": 44,
        "min": 44,
        "max": 200
      }
    },
    "pages_tested": {
      "contains": "default",
      "values": {
        "count": 47483,
        "rate": 261.6325605383267
      },
      "type": "counter"
    }
  },