{
  "metrics": {
    "gs_requests": {
      "type": "counter",
      "contains": "default",
      "values": {
        "count": 178948,
        "rate": 198.61402453483967
      }
    },
    "gs_iteration": {
      "type": "trend",
      "contains": "time",
      "values": {
        "p(99)": 994,
        "avg": 503.1191295795427,
        "min": 2,
        "med": 503,
        "max": 1133,
        "p(90)": 903,
        "p(95)": 954
      }
    },
    "http_req_sending": {
      "type": "trend",
      "contains": "time",
      "values": {
        "p(95)": 0.087423,
        "p(99)": 0.11773987999999981,
        "avg": 0.05183810252641789,
        "min": 0.013615,
        "med": 0.045665,
        "max": 17.8808,
        "p(90)": 0.0715832
      }
    },
    "status_count": {
      "type": "counter",
      "contains": "default",
      "values": {
        "count": 178948,
        "rate": 198.61402453483967
      }
    },
    "http_req_duration": {
      "type": "trend",
      "contains": "time",
      "values": {
        "avg": 2.746623005180256,
        "min": 1.714047,
        "med": 2.514677,
        "max": 458.611292,
        "p(90)": 3.198161000000001,
        "p(95)": 3.7443892000000005,
        "p(99)": 7.042638719999995
      },
      "thresholds": {
        "p(95)<2000": {
          "ok": true
        }
      }
    },
    "http_req_failed": {
      "type": "rate",
      "contains": "default",
      "values": {
        "rate": 0,
        "passes": 0,
        "fails": 178949
      }
    },
    "checks": {
      "type": "rate",
      "contains": "default",
      "values": {
        "rate": 1,
        "passes": 178948,
        "fails": 0
      }
    },
    "vus_max": {
      "contains": "default",
      "values": {
        "value": 100,
        "min": 100,
        "max": 100
      },
      "type": "gauge"
    },
    "data_received": {
      "values": {
        "rate": 5802980.607682748,
        "count": 5228390977
      },
      "type": "counter",
      "contains": "data"
    },
    "http_req_receiving": {
      "contains": "time",
      "values": {
        "p(90)": 0.4086454000000001,
        "p(95)": 0.5371202000000004,
        "p(99)": 0.950578799999996,
        "avg": 0.24516612728765905,
        "min": 0.032561,
        "med": 0.195031,
        "max": 38.104087
      },
      "type": "trend"
    },
    "iteration_duration": {
      "type": "trend",
      "contains": "time",
      "values": {
        "avg": 503.13404258852654,
        "min": 2.537543,
        "med": 502.596367,
        "max": 1133.058692,
        "p(90)": 903.4145652000001,
        "p(95)": 954.0570486999999,
        "p(99)": 993.84094278
      }
    },
    "vus": {
      "values": {
        "value": 1,
        "min": 1,
        "max": 100
      },
      "type": "gauge",
      "contains": "default"
    },
    "http_reqs": {
      "type": "counter",
      "contains": "default",
      "values": {
        "count": 178949,
        "rate": 198.6151344328242
      }
    },
    "http_req_connecting": {
      "type": "trend",
      "contains": "time",
      "values": {
        "avg": 0.0055777128679120845,
        "min": 0,
        "med": 0,
        "max": 26.144123,
        "p(90)": 0,
        "p(95)": 0,
        "p(99)": 0
      }
    },
    "data_sent": {
      "type": "counter",
      "contains": "data",
      "values": {
        "count": 36161507,
        "rate": 40135.5837366988
      }
    },
    "http_req_duration{expected_response:true}": {
      "type": "trend",
      "contains": "time",
      "values": {
        "p(95)": 3.7443892000000005,
        "p(99)": 7.042638719999995,
        "avg": 2.746623005180256,
        "min": 1.714047,
        "med": 2.514677,
        "max": 458.611292,
        "p(90)": 3.198161000000001
      }
    },
    "pages_discovered": {
      "values": {
        "count": 50,
        "rate": 0.055494899226266756
      },
      "type": "counter",
      "contains": "default"
    },
    "iterations": {
      "type": "counter",
      "contains": "default",
      "values": {
        "count": 178948,
        "rate": 198.61402453483967
      }
    },
    "status_2xx": {
      "values": {
        "count": 178948,
        "rate": 198.61402453483967
      },
      "type": "counter",
      "contains": "default"
    },
    "gs_latency": {
      "type": "trend",
      "contains": "time",
      "values": {
        "p(99)": 7.04208254,
        "avg": 2.74655411633548,
        "min": 1.714047,
        "med": 2.5146759999999997,
        "max": 458.611292,
        "p(90)": 3.1981262000000004,
        "p(95)": 3.744309549999999
      },
      "thresholds": {
        "p(95)<2000": {
          "ok": true
        }
      }
    },
    "status_200": {
      "contains": "default",
      "values": {
        "count": 178948,
        "rate": 198.61402453483967
      },
      "type": "counter"
    },
    "pages_tested": {
      "contains": "default",
      "values": {
        "count": 178948,
        "rate": 198.61402453483967
      },
      "type": "counter"
    },
    "gs_error_rate": {
      "type": "rate",
      "contains": "default",
      "values": {
        "rate": 0,
        "passes": 0,
        "fails": 178948
      },
      "thresholds": {
        "rate<0.05": {
          "ok": true
        }
      }
    },
    "http_req_blocked": {
      "values": {
        "max": 77.513565,
        "p(90)": 0.000371,
        "p(95)": 0.000441,
        "p(99)": 0.000671,
        "avg": 0.026171836595852607,
        "min": 0.00013,
        "med": 0.000281
      },
      "type": "trend",
      "contains": "time"
    },
    "http_req_tls_handshaking": {
      "type": "trend",
      "contains": "time",
      "values": {
        "p(95)": 0,
        "p(99)": 0,
        "avg": 0.020070772421192633,
        "min": 0,
        "med": 0,
        "max": 67.311626,
        "p(90)": 0
      }
    },
    "http_req_waiting": {
      "type": "trend",
      "contains": "time",
      "values": {
        "p(99)": 6.432029879999999,
        "avg": 2.4496187753661944,
        "min": 1.488515,
        "med": 2.233471,
        "max": 458.444301,
        "p(90)": 2.8482498,
        "p(95)": 3.3812598000000005
      }
    }
  },