{
  "metrics": {
    "http_req_tls_handshaking": {
      "type": "trend",
      "contains": "time",
      "values": {
        "p(95)": 0,
        "p(99)": 0,
        "avg": 0.023653418576954053,
        "min": 0,
        "med": 0,
        "max": 67.814885,
        "p(90)": 0
      }
    },
    "http_req_sending": {
      "type": "trend",
      "contains": "time",
      "values": {
        "avg": 0.0459808990279375,
        "min": 0.011845,
        "med": 0.044255,
        "max": 3.069808,
        "p(90)": 0.062147,
        "p(95)": 0.0686775,
        "p(99)": 0.0837425
      }
    },
    "http_req_failed": {
      "type": "rate",
      "contains": "default",
      "values": {
        "rate": 0,
        "passes": 0,
        "fails": 176326
      }
    },
    "checks": {
      "values": {
        "rate": 1,
        "passes": 176325,
        "fails": 0
      },
      "type": "rate",
      "contains": "default"
    },
    "gs_latency": {
      "type": "trend",
      "contains": "time",
      "values": {
        "avg": 9.458300226513526,
        "min": 8.112944,
        "med": 8.846766,
        "max": 1068.742076,
        "p(90)": 9.4668508,
        "p(95)": 9.933633199999996,
        "p(99)": 11.549650080000033
      },
      "thresholds": {
        "p(95)<2000": {
          "ok": true
        }
      }
    },
    "http_req_waiting": {
      "type": "trend",
      "contains": "time",
      "values": {
        "p(99)": 10.59384675,
        "avg": 9.151983895795235,
        "min": 7.932764,
        "med": 8.603787,
        "max": 1059.408712,
        "p(90)": 8.9819305,
        "p(95)": 9.2281055
      }
    },
    "status_2xx": {
      "type": "counter",
      "contains": "default",
      "values": {
        "count": 176325,
        "rate": 195.67872387334583
      }
    },
    "http_req_connecting": {
      "type": "trend",
      "contains": "time",
      "values": {
        "avg": 0.005370854865419734,
        "min": 0,
        "med": 0,
        "max": 17.004672,
        "p(90)": 0,
        "p(95)": 0,
        "p(99)": 0
      }
    },
    "data_sent": {
      "type": "counter",
      "contains": "data",
      "values": {
        "count": 35614103,
        "rate": 39523.16589782446
      }
    },
    "pages_discovered": {
      "type": "counter",
      "contains": "default",
      "values": {
        "count": 50,
        "rate": 0.05548808276572971
      }
    },
    "gs_iteration": {
      "type": "trend",
      "contains": "time",
      "values": {
        "p(95)": 961,
        "p(99)": 1000,
        "avg": 510.59757833546007,
        "min": 9,
        "med": 510,
        "max": 1877,
        "p(90)": 911
      }
    },
    "iterations": {
      "contains": "default",
      "values": {
        "rate": 195.67872387334583,
        "count": 176325
      },
      "type": "counter"
    },
    "gs_error_rate": {
      "type": "rate",
      "contains": "default",
      "values": {
        "fails": 176325,
        "rate": 0,
        "passes": 0
      },
      "thresholds": {
        "rate<0.05": {
          "ok": true
        }
      }
    },
    "vus": {
      "type": "gauge",
      "contains": "default",
      "values": {
        "value": 4,
        "min": 4,
        "max": 100
      }
    },
    "http_req_receiving": {
      "contains": "time",
      "values": {
        "avg": 0.26098141301906885,
        "min": 0.027945,
        "med": 0.166186,
        "max": 68.216678,
        "p(90)": 0.357736,
        "p(95)": 0.9382619999999999,
        "p(99)": 1.79092525
      },
      "type": "trend"
    },
    "http_reqs": {
      "type": "counter",
      "contains": "default",
      "values": {
        "rate": 195.67983363500116,
        "count": 176326
      }
    },
    "http_req_blocked": {
      "type": "trend",
      "contains": "time",
      "values": {
        "p(95)": 0.000445,
        "p(99)": 0.00069775,
        "avg": 0.029517420187613053,
        "min": 0.000091,
        "med": 0.000238,
        "max": 77.234735,
        "p(90)": 0.000392
      }
    },
    "pages_tested": {
      "type": "counter",
      "contains": "default",
      "values": {
        "rate": 195.67872387334583,
        "count": 176325
      }
    },
    "http_req_duration": {
      "contains": "time",
      "values": {
        "p(95)": 9.933726,
        "p(99)": 11.551486500000001,
        "avg": 9.458946207842276,
        "min": 8.112944,
        "med": 8.8467675,
        "max": 1068.742076,
        "p(90)": 9.4668525
      },
      "thresholds": {
        "p(95)<2000": {
          "ok": true
        }
      },
      "type": "trend"
    },
    "data_received": {
      "type": "counter",
      "contains": "data",
      "values": {
        "count": 5146463026,
        "rate": 5711347.326749116
      }
    },
    "status_count": {
      "type": "counter",
      "contains": "default",
      "values": {
        "rate": 195.67872387334583,
        "count": 176325
      }
    },
    "iteration_duration": {
      "type": "trend",
      "contains": "time",
      "values": {
        "p(90)": 911.3492918000001,
        "p(95)": 960.5815242,
        "p(99)": 1000.3527614000001,
        "avg": 510.61429957713926,
        "min": 8.728998,
        "med": 510.375573,
        "max": 1877.40263
      }
    },
    "http_req_duration{expected_response:true}": {
      "values": {
        "min": 8.112944,
        "med": 8.8467675,
        "max": 1068.742076,
        "p(90)": 9.4668525,
        "p(95)": 9.933726,
        "p(99)": 11.551486500000001,
        "avg": 9.458946207842276
      },
      "type": "trend",
      "contains": "time"
    },
    "status_200": {
      "type": "counter",
      "contains": "default",
      "values": {
        "count": 176325,
        "rate": 195.67872387334583
      }
    },
    "gs_requests": {
      "type": "counter",
      "contains": "default",
      "values": {
        "count": 176325,
        "rate": 195.67872387334583
      }
    },
    "vus_max": {
      "type": "gauge",
      "contains": "default",
      "values": {
        "value": 100,
        "min": 100,
        "max": 100
      }
    }
  },