{
  "metrics": {
    "http_req_waiting": {
      "values": {
        "p(95)": 14.997651,
        "p(99)": 16.412822,
        "avg": 13.495162021583065,
        "min": 8.7758,
        "med": 13.815211,
        "max": 300.272426,
        "p(90)": 14.624048
      },
      "type": "trend",
      "contains": "time"
    },
    "data_received": {
      "type": "counter",
      "contains": "data",
      "values": {
        "count": 2276311580,
        "rate": 12572426.206202492
      }
    },
    "http_req_tls_handshaking": {
      "contains": "time",
      "values": {
        "avg": 0.14595448735396072,
        "min": 0,
        "med": 0,
        "max": 120.960725,
        "p(90)": 0,
        "p(95)": 0,
        "p(99)": 0
      },
      "type": "trend"
    },
    "http_req_failed": {
      "type": "rate",
      "contains": "default",
      "values": {
        "passes": 2,
        "fails": 70099,
        "rate": 0.00002853026347698321
      }
    },
    "data_sent": {
      "type": "counter",
      "contains": "data",
      "values": {
        "rate": 88772.62522610479,
        "count": 16072805
      }
    },
    "vus": {
      "contains": "default",
      "values": {
        "value": 7,
        "min": 7,
        "max": 200
      },
      "type": "gauge"
    },
    "http_reqs": {
      "values": {
        "rate": 387.17882790061674,
        "count": 70101
      },
      "type": "counter",
      "contains": "default"
    },
    "http_req_sending": {
      "contains": "time",
      "values": {
        "p(90)": 0.066163,
        "p(95)": 0.074468,
        "p(99)": 0.102871,
        "avg": 0.05364071506825818,
        "min": 0.012223,
        "med": 0.050855,
        "max": 1.223419
      },
      "type": "trend"
    },
    "checks": {
      "type": "rate",
      "contains": "default",
      "values": {
        "rate": 0.9999714693295293,
        "passes": 70098,
        "fails": 2
      }
    },
    "pages_tested": {
      "type": "counter",
      "contains": "default",
      "values": {
        "count": 70100,
        "rate": 387.17330474363035
      }
    },
    "http_req_connecting": {
      "contains": "time",
      "values": {
        "avg": 0.07025653552731058,
        "min": 0,
        "med": 0,
        "max": 56.781289,
        "p(90)": 0,
        "p(95)": 0,
        "p(99)": 0
      },
      "type": "trend"
    },
    "gs_error_rate": {
      "values": {
        "passes": 2,
        "fails": 70098,
        "rate": 0.000028530670470756063
      },
      "type": "rate",
      "contains": "default"
    },
    "http_req_receiving": {
      "type": "trend",
      "contains": "time",
      "values": {
        "p(99)": 3.936301,
        "avg": 0.536869421277874,
        "min": 0,
        "med": 0.242742,
        "max": 62.040528,
        "p(90)": 1.157155,
        "p(95)": 1.964777
      }
    },
    "gs_iteration": {
      "type": "trend",
      "contains": "time",
      "values": {
        "p(99)": 1005,
        "avg": 514.4613266761769,
        "min": 10,
        "med": 514,
        "max": 1222,
        "p(90)": 915,
        "p(95)": 964
      }
    },
    "vus_max": {
      "type": "gauge",
      "contains": "default",
      "values": {
        "value": 200,
        "min": 200,
        "max": 200
      }
    },
    "http_req_blocked": {
      "type": "trend",
      "contains": "time",
      "values": {
        "p(90)": 0.000401,
        "p(95)": 0.000461,
        "p(99)": 0.000672,
        "avg": 0.21769721991135413,
        "min": 0.00013,
        "med": 0.00031,
        "max": 152.339649
      }
    },
    "pages_discovered": {
      "type": "counter",
      "contains": "default",
      "values": {
        "count": 37,
        "rate": 0.20435680849521146
      }
    },
    "http_req_duration": {
      "values": {
        "p(95)": 16.380755,
        "p(99)": 19.462334,
        "avg": 14.08567215792931,
        "min": 9.010271,
        "med": 14.160157,
        "max": 303.802991,
        "p(90)": 15.539884
      },
      "thresholds": {
        "p(95)<2000": {
          "ok": true
        }
      },
      "type": "trend",
      "contains": "time"
    },
    "gs_requests": {
      "type": "counter",
      "contains": "default",
      "values": {
        "count": 70100,
        "rate": 387.17330474363035
      }
    },
    "iteration_duration": {
      "contains": "time",
      "values": {
        "p(90)": 914.9052177000001,
        "p(95)": 963.97217405,
        "p(99)": 1004.8555457399998,
        "avg": 514.4757642934321,
        "min": 10.055302,
        "med": 513.9595275,
        "max": 1221.91738
      },
      "type": "trend"
    },
    "iterations": {
      "type": "counter",
      "contains": "default",
      "values": {
        "count": 70100,
        "rate": 387.17330474363035
      }
    },
    "gs_latency": {
      "type": "trend",
      "contains": "time",
      "values": {
        "avg": 14.085213015078494,
        "min": 9.010271,
        "med": 14.1601485,
        "max": 303.802991,
        "p(90)": 15.5396257,
        "p(95)": 16.38064955,
        "p(99)": 19.45837102999998
      },
      "thresholds": {
        "p(95)<2000": {
          "ok": true
        }
      }
    },
    "http_req_duration{expected_response:true}": {
      "type": "trend",
      "contains": "time",
      "values": {
        "min": 9.010271,
        "med": 14.160157,
        "max": 303.802991,
        "p(90)": 15.539654400000002,
        "p(95)": 16.3806551,
        "p(99)": 19.458411060000017,
        "avg": 14.085103197534949
      }
    }
  },
  "setup_data": {
    "urls": [
      "https://nclsbayona.github.io/p/connectivity-networking/",
      "https://nclsbayona.github.io/p/kubernetes-talos/",
      "https://nclsbayona.github.io/p/deployment-secure-webpages/",
      "https://nclsbayona.github.io/p/containers-internals/",
      "https://nclsbayona.github.io/p/certs-real-value/",
      "https://nclsbayona.github.io/p/containers-security/",
      "https://nclsbayona.github.io/p/kubernetes-security/",
      "https://nclsbayona.github.io/p/kubernetes-architecture/",
      "https://nclsbayona.github.io/p/kubenomicon/",
      "https://nclsbayona.github.io/p/github-static-deployment-tutorial/",
      "https://nclsbayona.github.io/p/kubernetes-intro/",
      "https://nclsbayona.github.io/p/gitrepo-exec-vulnerability/",
      "https://nclsbayona.github.io/p/clustering-and-orchestration/",
      "https://nclsbayona.github.io/p/containers-intro/",
      "https://nclsbayona.github.io/p/leaky-vessels-vulnerability/",
      "https://nclsbayona.github.io/",
      "https://nclsbayona.github.io/categories/",
      "https://nclsbayona.github.io/tags/devops/",
      "https://nclsbayona.github.io/tags/devsecops/",
      "https://nclsbayona.github.io/categories/fundamentals/",
      "https://nclsbayona.github.io/categories/networking/",
      "https://nclsbayona.github.io/post/",
      "https://nclsbayona.github.io/tags/",
      "https://nclsbayona.github.io/categories/tutorials/",
      "https://nclsbayona.github.io/categories/cybersecurity/",
      "https://nclsbayona.github.io/categories/kubernetes/",
      "https://nclsbayona.github.io/tags/introductory/",
      "https://nclsbayona.github.io/categories/containers/",
      "https://nclsbayona.github.io/tags/non-technical/",
      "https://nclsbayona.github.io/categories/non-technical/",
      "https://nclsbayona.github.io/page/about/",
      "https://nclsbayona.github.io/page/archives/",
      "https://nclsbayona.github.io/page/favorites/",
      "https://nclsbayona.github.io/page/",
      "https://nclsbayona.github.io/structure/",
      "https://nclsbayona.github.io/page/search/",
      "https://nclsbayona.github.io/page/quote/"
    ]
  },
  "root_group": {
    "name": "",
    "path": "",
    "id": "d41d8cd98f00b204e9800998ecf8427e",
    "groups": [],
    "checks": [
        {
          "id": "625da780c1868b693c9052f10511e6a0",
          "passes": 70098,
          "fails": 2,
          "name": "status is 2xx",