{
  "options": {
    "noColor": false,
    "summaryTrendStats": [
      "avg",
      "min",
      "med",
      "max",
      "p(90)",
      "p(95)",
      "p(99)"
    ],
    "summaryTimeUnit": ""
  },
  "state": {
    "isStdOutTTY": false,
    "isStdErrTTY": false,
    "testRunDurationMs": 901066.026106
  },
  "metrics": {
    "gs_error_rate": {
      "contains": "default",
      "values": {
        "rate": 0.000005589621191371861,
        "passes": 1,
        "fails": 178902
      },
      "thresholds": {
        "rate<0.05": {
          "ok": true
        }
      },
      "type": "rate"
    },
    "http_req_tls_handshaking": {
      "type": "trend",
      "contains": "time",
      "values": {
        "avg": 0.015639547941912985,
        "min": 0,
        "med": 0,
        "max": 65.364536,
        "p(90)": 0,
        "p(95)": 0,
        "p(99)": 0
      }
    },
    "iterations": {
      "type": "counter",
      "contains": "default",
      "values": {
        "count": 178903,
        "rate": 198.54593871787387
      }
    },
    "http_req_duration{expected_response:true}": {
      "contains": "time",
      "values": {
        "min": 1.655101,
        "med": 2.094008,
        "max": 439.680982,
        "p(90)": 2.5763606,
        "p(95)": 2.8460887999999995,
        "p(99)": 4.0294945000000055,
        "avg": 2.261717680072445
      },
      "type": "trend"
    },
    "http_req_receiving": {
      "type": "trend",
      "contains": "time",
      "values": {
        "p(99)": 0.7217954,
        "avg": 0.2097814632484466,
        "min": 0.031018,
        "med": 0.172865,
        "max": 15.509784,
        "p(90)": 0.356069,
        "p(95)": 0.4583466500000002
      }
    },
    "http_req_connecting": {
      "type": "trend",
      "contains": "time",
      "values": {
        "p(99)": 0,
        "avg": 0.007946406368778787,
        "min": 0,
        "med": 0,
        "max": 62.140234,
        "p(90)": 0,
        "p(95)": 0
      }
    },
    "http_req_waiting": {
      "values": {
        "p(90)": 2.2717049,
        "p(95)": 2.4992233500000003,
        "p(99)": 3.6262596200000003,
        "avg": 1.9998927781883253,
        "min": 1.443853,
        "med": 1.833576,
        "max": 435.461824
      },
      "type": "trend",
      "contains": "time"
    },
    "status_2xx": {
      "values": {
        "count": 178902,
        "rate": 198.54482892128735
      },
      "type": "counter",
      "contains": "default"
    },
    "gs_requests": {
      "values": {
        "count": 178903,
        "rate": 198.54593871787387
      },
      "type": "counter",
      "contains": "default"
    },
    "http_req_duration": {
      "type": "trend",
      "contains": "time",
      "values": {
        "avg": 2.2619083943511646,
        "min": 1.655101,
        "med": 2.094009,
        "max": 439.680982,
        "p(90)": 2.5763743,
        "p(95)": 2.8461787500000004,
        "p(99)": 4.02973389
      },
      "thresholds": {
        "p(95)<2000": {
          "ok": true
        }
      }
    },
    "pages_discovered": {
      "type": "counter",
      "contains": "default",
      "values": {
        "count": 50,
        "rate": 0.05548982932591233
      }
    },
    "gs_iteration": {
      "type": "trend",
      "contains": "time",
      "values": {
        "p(90)": 903,
        "p(95)": 954,
        "p(99)": 993,
        "avg": 503.2413039468315,
        "min": 2,
        "med": 503,
        "max": 1405
      }
    },
    "vus": {
      "type": "gauge",
      "contains": "default",
      "values": {
        "value": 2,
        "min": 2,
        "max": 100
      }
    },
    "data_sent": {
      "type": "counter",
      "contains": "data",
      "values": {
        "rate": 40133.90134825237,
        "count": 36163295
      }
    },
    "iteration_duration": {
      "type": "trend",
      "contains": "time",
      "values": {
        "p(95)": 953.6948027999999,
        "p(99)": 993.05805972,
        "avg": 503.2553533960086,
        "min": 2.058977,
        "med": 502.899196,
        "max": 1405.255823,
        "p(90)": 903.0056636000002
      }
    },
    "status_503": {
      "type": "counter",
      "contains": "default",
      "values": {
        "count": 1,
        "rate": 0.0011097965865182464
      }
    },
    "status_count": {
      "type": "counter",
      "contains": "default",
      "values": {
        "count": 178903,
        "rate": 198.54593871787387
      }
    },
    "status_200": {
      "type": "counter",
      "contains": "default",
      "values": {
        "count": 178902,
        "rate": 198.54482892128735
      }
    },
    "pages_tested": {
      "type": "counter",
      "contains": "default",
      "values": {
        "count": 178903,
        "rate": 198.54593871787387
      }
    },
    "vus_max": {
      "values": {
        "value": 100,
        "min": 100,
        "max": 100
      },
      "type": "gauge",
      "contains": "default"
    },
    "gs_latency": {
      "type": "trend",
      "contains": "time",
      "values": {
        "max": 439.680982,
        "p(90)": 2.5763606,
        "p(95)": 2.8460887999999995,
        "p(99)": 4.0294945000000055,
        "avg": 2.261700494910653,
        "min": 1.655101,
        "med": 2.094008
      },
      "thresholds": {
        "p(95)<2000": {
          "ok": true
        }
      }
    },
    "data_received": {
      "type": "counter",
      "contains": "data",
      "values": {
        "rate": 5807552.683585919,
        "count": 5232988418
      }
    },
    "checks": {
      "type": "rate",
      "contains": "default",
      "values": {
        "rate": 0.9999944103788087,
        "passes": 178902,
        "fails": 1
      }
    },
    "status_5xx": {
      "type": "counter",
      "contains": "default",
      "values": {
        "count": 1,
        "rate": 0.0011097965865182464
      }
    },
    "http_reqs": {
      "type": "counter",
      "contains": "default",
      "values": {
        "count": 178904,
        "rate": 198.54704851446039
      }
    },
    "http_req_blocked": {
      "values": {
        "avg": 0.024388113463050018,
        "min": 0.00013,
        "med": 0.000291,
        "max": 72.641761,
        "p(90)": 0.000381,
        "p(95)": 0.00043,
        "p(99)": 0.000631
      },
      "type": "trend",
      "contains": "time"
    },
    "http_req_sending": {
      "type": "trend",
      "contains": "time",
      "values": {
        "avg": 0.05223415291441257,
        "min": 0.023043,
        "med": 0.047088,
        "max": 25.413975,
        "p(90)": 0.072176,
        "p(95)": 0.081854,
        "p(99)": 0.10888385
      }
    },
    "http_req_failed": {
      "type": "rate",
      "contains": "default",
      "values": {
        "rate": 0.000005589589947681438,
        "passes": 1,
        "fails": 178903
      }
    }
  },