{
  "options": {
    "summaryTrendStats": [
      "avg",
      "min",
      "med",
      "max",
      "p(90)",
      "p(95)",
      "p(99)"
    ],
    "summaryTimeUnit": "",
    "noColor": false
  },
  "state": {
    "isStdOutTTY": false,
    "isStdErrTTY": false,
    "testRunDurationMs": 901081.219524
  },
  "metrics": {
    "http_req_duration": {
      "type": "trend",
      "contains": "time",
      "values": {
        "avg": 2.4725998580860296,
        "min": 1.388746,
        "med": 2.1879039999999996,
        "max": 98.433005,
        "p(90)": 3.1218481,
        "p(95)": 3.7509574999999993,
        "p(99)": 7.955743930000015
      },
      "thresholds": {
        "p(95)<2000": {
          "ok": true
        }
      }
    },
    "http_req_duration{expected_response:true}": {
      "type": "trend",
      "contains": "time",
      "values": {
        "avg": 2.4725998580860296,
        "min": 1.388746,
        "med": 2.1879039999999996,
        "max": 98.433005,
        "p(90)": 3.1218481,
        "p(95)": 3.7509574999999993,
        "p(99)": 7.955743930000015
      }
    },
    "gs_latency": {
      "values": {
        "med": 2.187896,
        "max": 98.433005,
        "p(90)": 3.121831,
        "p(95)": 3.750805,
        "p(99)": 7.9511317000000075,
        "avg": 2.472541971501625,
        "min": 1.388746
      },
      "thresholds": {
        "p(95)<2000": {
          "ok": true
        }
      },
      "type": "trend",
      "contains": "time"
    },
    "status_200": {
      "type": "counter",
      "contains": "default",
      "values": {
        "count": 178431,
        "rate": 198.018775814967
      }
    },
    "data_sent": {
      "type": "counter",
      "contains": "data",
      "values": {
        "count": 36642591,
        "rate": 40665.13673357503
      }
    },
    "gs_error_rate": {
      "type": "rate",
      "contains": "default",
      "values": {
        "passes": 0,
        "fails": 178431,
        "rate": 0
      },
      "thresholds": {
        "rate<0.05": {
          "ok": true
        }
      }
    },
    "http_reqs": {
      "type": "counter",
      "contains": "default",
      "values": {
        "count": 178432,
        "rate": 198.01988559284086
      }
    },
    "http_req_sending": {
      "values": {
        "med": 0.050646,
        "max": 0.564578,
        "p(90)": 0.064677,
        "p(95)": 0.070386,
        "p(99)": 0.08572869,
        "avg": 0.05230751128160877,
        "min": 0.02049
      },
      "type": "trend",
      "contains": "time"
    },
    "gs_iteration": {
      "contains": "time",
      "values": {
        "min": 1,
        "med": 506,
        "max": 1131,
        "p(90)": 904,
        "p(95)": 953,
        "p(99)": 993,
        "avg": 504.5597401796773
      },
      "type": "trend"
    },
    "status_count": {
      "type": "counter",
      "contains": "default",
      "values": {
        "count": 178431,
        "rate": 198.018775814967
      }
    },
    "pages_discovered": {
      "type": "counter",
      "contains": "default",
      "values": {
        "count": 43,
        "rate": 0.047720448577005005
      }
    },
    "http_req_tls_handshaking": {
      "type": "trend",
      "contains": "time",
      "values": {
        "med": 0,
        "max": 61.957493,
        "p(90)": 0,
        "p(95)": 0,
        "p(99)": 0,
        "avg": 0.01805448108523135,
        "min": 0
      }
    },
    "status_2xx": {
      "contains": "default",
      "values": {
        "count": 178431,
        "rate": 198.018775814967
      },
      "type": "counter"
    },
    "iteration_duration": {
      "values": {
        "min": 1.90344,
        "med": 506.307514,
        "max": 1131.497604,
        "p(90)": 904.276705,
        "p(95)": 953.3911025,
        "p(99)": 993.0610313,
        "avg": 504.57498745677526
      },
      "type": "trend",
      "contains": "time"
    },
    "iterations": {
      "type": "counter",
      "contains": "default",
      "values": {
        "count": 178431,
        "rate": 198.018775814967
      }
    },
    "http_req_failed": {
      "values": {
        "rate": 0,
        "passes": 0,
        "fails": 178432
      },
      "type": "rate",
      "contains": "default"
    },
    "http_req_waiting": {
      "values": {
        "max": 88.892953,
        "p(90)": 2.8321665,
        "p(95)": 3.4497584499999987,
        "p(99)": 7.5966926000000035,
        "avg": 2.2006555356270163,
        "min": 1.154855,
        "med": 1.9155525
      },
      "type": "trend",
      "contains": "time"
    },
    "checks": {
      "values": {
        "rate": 1,
        "passes": 178431,
        "fails": 0
      },
      "type": "rate",
      "contains": "default"
    },
    "http_req_connecting": {
      "type": "trend",
      "contains": "time",
      "values": {
        "min": 0,
        "med": 0,
        "max": 32.742153,
        "p(90)": 0,
        "p(95)": 0,
        "p(99)": 0,
        "avg": 0.006654175770041246
      }
    },
    "data_received": {
      "type": "counter",
      "contains": "data",
      "values": {
        "count": 5308652287,
        "rate": 5891424.848255431
      }
    },
    "http_req_blocked": {
      "type": "trend",
      "contains": "time",
      "values": {
        "p(90)": 0.000401,
        "p(95)": 0.000481,
        "p(99)": 0.000781,
        "avg": 0.02552169618680337,
        "min": 0.00012,
        "med": 0.00032,
        "max": 87.649217
      }
    },
    "http_req_receiving": {
      "type": "trend",
      "contains": "time",
      "values": {
        "avg": 0.21963681117736422,
        "min": 0.029915,
        "med": 0.18361850000000002,
        "max": 18.681646,
        "p(90)": 0.3812216,
        "p(95)": 0.48744969999999993,
        "p(99)": 0.7249354000000001
      }
    },
    "vus": {
      "type": "gauge",
      "contains": "default",
      "values": {
        "value": 3,
        "min": 3,
        "max": 100
      }
    },
    "pages_tested": {
      "type": "counter",
      "contains": "default",
      "values": {
        "count": 178431,
        "rate": 198.018775814967
      }
    },
    "gs_requests": {
      "type": "counter",
      "contains": "default",
      "values": {
        "count": 178431,
        "rate": 198.018775814967
      }
    },
    "vus_max": {
      "type": "gauge",
      "contains": "default",
      "values": {
        "min": 100,
        "max": 100,
        "value": 100
      }
    }
  },