{
  "state": {
    "isStdOutTTY": false,
    "isStdErrTTY": false,
    "testRunDurationMs": 180963.481646
  },
  "metrics": {
    "gs_error_rate": {
      "type": "rate",
      "contains": "default",
      "values": {
        "rate": 0,
        "passes": 0,
        "fails": 35538
      }
    },
    "vus_max": {
      "type": "gauge",
      "contains": "default",
      "values": {
        "value": 100,
        "min": 100,
        "max": 100
      }
    },
    "data_sent": {
      "type": "counter",
      "contains": "data",
      "values": {
        "count": 8057835,
        "rate": 44527.409213770006
      }
    },
    "checks": {
      "type": "rate",
      "contains": "default",
      "values": {
        "rate": 1,
        "passes": 35538,
        "fails": 0
      }
    },
    "iterations": {
      "contains": "default",
      "values": {
        "count": 35538,
        "rate": 196.38216327822033
      },
      "type": "counter"
    },
    "http_req_duration": {
      "values": {
        "max": 612.005989,
        "p(90)": 6.9874582,
        "p(95)": 7.4651440000000004,
        "p(99)": 11.04535126,
        "avg": 6.686435024339449,
        "min": 5.468485,
        "med": 6.133767
      },
      "thresholds": {
        "p(95)<2000": {
          "ok": true
        }
      },
      "type": "trend",
      "contains": "time"
    },
    "http_req_blocked": {
      "contains": "time",
      "values": {
        "avg": 0.09851264312445245,
        "min": 0.00014,
        "med": 0.0003,
        "max": 54.967504,
        "p(90)": 0.000411,
        "p(95)": 0.000471,
        "p(99)": 0.000772
      },
      "type": "trend"
    },
    "data_received": {
      "values": {
        "count": 1137965031,
        "rate": 6288368.35282647
      },
      "type": "counter",
      "contains": "data"
    },
    "gs_latency": {
      "type": "trend",
      "contains": "time",
      "values": {
        "min": 5.468485,
        "med": 6.1337625,
        "max": 612.005989,
        "p(90)": 6.987211299999999,
        "p(95)": 7.4650299,
        "p(99)": 11.033104669999915,
        "avg": 6.686194706792719
      },
      "thresholds": {
        "p(95)<2000": {
          "ok": true
        }
      }
    },
    "http_req_duration{expected_response:true}": {
      "type": "trend",
      "contains": "time",
      "values": {
        "med": 6.133767,
        "max": 612.005989,
        "p(90)": 6.9874582,
        "p(95)": 7.4651440000000004,
        "p(99)": 11.04535126,
        "avg": 6.686435024339449,
        "min": 5.468485
      }
    },
    "http_req_tls_handshaking": {
      "contains": "time",
      "values": {
        "max": 48.247457,
        "p(90)": 0,
        "p(95)": 0,
        "p(99)": 0,
        "avg": 0.07633287070542223,
        "min": 0,
        "med": 0
      },
      "type": "trend"
    },
    "pages_tested": {
      "type": "counter",
      "contains": "default",
      "values": {
        "count": 35538,
        "rate": 196.38216327822033
      }
    },
    "vus": {
      "type": "gauge",
      "contains": "default",
      "values": {
        "value": 100,
        "min": 100,
        "max": 100
      }
    },
    "http_req_sending": {
      "values": {
        "avg": 0.05125630695855243,
        "min": 0.014948,
        "med": 0.049022,
        "max": 5.059343,
        "p(90)": 0.062888,
        "p(95)": 0.0684381,
        "p(99)": 0.08830120000000002
      },
      "type": "trend",
      "contains": "time"
    },
    "iteration_duration": {
      "type": "trend",
      "contains": "time",
      "values": {
        "p(90)": 909.2315520999999,
        "p(95)": 959.0441366,
        "p(99)": 998.12691561,
        "avg": 507.46484375179307,
        "min": 5.941501,
        "med": 507.3142145,
        "max": 1596.19813
      }
    },
    "http_reqs": {
      "type": "counter",
      "contains": "default",
      "values": {
        "count": 35539,
        "rate": 196.38768925501358
      }
    },
    "http_req_waiting": {
      "type": "trend",
      "contains": "time",
      "values": {
        "med": 5.817077,
        "max": 605.475572,
        "p(90)": 6.5451358,
        "p(95)": 6.9810576,
        "p(99)": 9.723129460000001,
        "avg": 6.321424660851481,
        "min": 5.274234
      }
    },
    "http_req_failed": {
      "type": "rate",
      "contains": "default",
      "values": {
        "rate": 0,
        "passes": 0,
        "fails": 35539
      }
    },
    "gs_iteration": {
      "type": "trend",
      "contains": "time",
      "values": {
        "avg": 507.4510946029602,
        "min": 6,
        "med": 507,
        "max": 1596,
        "p(90)": 909,
        "p(95)": 959,
        "p(99)": 998
      }
    },
    "http_req_connecting": {
      "type": "trend",
      "contains": "time",
      "values": {
        "max": 12.323255,
        "p(90)": 0,
        "p(95)": 0,
        "p(99)": 0,
        "avg": 0.02120192475871578,
        "min": 0,
        "med": 0
      }
    },
    "gs_requests": {
      "type": "counter",
      "contains": "default",
      "values": {
        "count": 35538,
        "rate": 196.38216327822033
      }
    },
    "pages_discovered": {
      "type": "counter",
      "contains": "default",
      "values": {
        "count": 37,
        "rate": 0.20446114134993956
      }
    },
    "http_req_receiving": {
      "type": "trend",
      "contains": "time",
      "values": {
        "p(99)": 1.3554757800000035,
        "avg": 0.3137540565294465,
        "min": 0.049202,
        "med": 0.231012,
        "max": 65.765209,
        "p(90)": 0.4838952000000001,
        "p(95)": 0.8048569999999998
      }
    }
  },
  "setup_data": {
    "urls": [
      "https://nclsbayona.github.io/p/connectivity-networking/",
      "https://nclsbayona.github.io/p/kubernetes-talos/",
      "https://nclsbayona.github.io/p/deployment-secure-webpages/",
      "https://nclsbayona.github.io/p/containers-internals/",
      "https://nclsbayona.github.io/p/certs-real-value/",
      "https://nclsbayona.github.io/p/containers-security/",
      "https://nclsbayona.github.io/p/kubernetes-security/",
      "https://nclsbayona.github.io/p/kubernetes-architecture/",
      "https://nclsbayona.github.io/p/kubenomicon/",
      "https://nclsbayona.github.io/p/github-static-deployment-tutorial/",
      "https://nclsbayona.github.io/p/kubernetes-intro/",
      "https://nclsbayona.github.io/p/gitrepo-exec-vulnerability/",
      "https://nclsbayona.github.io/p/clustering-and-orchestration/",
      "https://nclsbayona.github.io/p/containers-intro/",
      "https://nclsbayona.github.io/p/leaky-vessels-vulnerability/",
      "https://nclsbayona.github.io/",
      "https://nclsbayona.github.io/categories/",
      "https://nclsbayona.github.io/tags/devops/",
      "https://nclsbayona.github.io/tags/devsecops/",
      "https://nclsbayona.github.io/categories/fundamentals/",
      "https://nclsbayona.github.io/categories/networking/",
      "https://nclsbayona.github.io/post/",
      "https://nclsbayona.github.io/tags/",
      "https://nclsbayona.github.io/categories/tutorials/",
      "https://nclsbayona.github.io/categories/cybersecurity/",
      "https://nclsbayona.github.io/categories/kubernetes/",
      "https://nclsbayona.github.io/tags/introductory/",
      "https://nclsbayona.github.io/categories/containers/",
      "https://nclsbayona.github.io/tags/non-technical/",
      "https://nclsbayona.github.io/categories/non-technical/",
      "https://nclsbayona.github.io/page/about/",
      "https://nclsbayona.github.io/page/archives/",
      "https://nclsbayona.github.io/page/favorites/",
      "https://nclsbayona.github.io/page/",
      "https://nclsbayona.github.io/structure/",
      "https://nclsbayona.github.io/page/search/",
      "https://nclsbayona.github.io/page/quote/"
    ]
  },
  "root_group": {
    "name": "",
    "path": "",
    "id": "d41d8cd98f00b204e9800998ecf8427e",
    "groups": [],
    "checks": [
        {
          "passes": 35538,
          "fails": 0,