{
  "state": {
    "isStdOutTTY": false,
    "isStdErrTTY": false,
    "testRunDurationMs": 181124.043102
  },
  "metrics": {
    "gs_iteration": {
      "type": "trend",
      "contains": "time",
      "values": {
        "p(90)": 912,
        "p(95)": 963,
        "p(99)": 1002,
        "avg": 511.9401853770706,
        "min": 9,
        "med": 511,
        "max": 1263
      }
    },
    "http_req_duration{expected_response:true}": {
      "type": "trend",
      "contains": "time",
      "values": {
        "p(99)": 48.46440764999997,
        "avg": 12.193675039455947,
        "min": 8.498865,
        "med": 10.6414595,
        "max": 178.888671,
        "p(90)": 13.983232600000003,
        "p(95)": 16.635564400000003
      }
    },
    "http_req_blocked": {
      "type": "trend",
      "contains": "time",
      "values": {
        "avg": 0.2337758690739014,
        "min": 0.000131,
        "med": 0.000301,
        "max": 132.904462,
        "p(90)": 0.00039,
        "p(95)": 0.000441,
        "p(99)": 0.000822
      }
    },
    "checks": {
      "contains": "default",
      "values": {
        "rate": 0.2942612595988701,
        "passes": 20731,
        "fails": 49720
      },
      "type": "rate"
    },
    "gs_latency": {
      "contains": "time",
      "values": {
        "med": 9.880283,
        "max": 178.888671,
        "p(90)": 12.557797,
        "p(95)": 14.03134,
        "p(99)": 24.8673505,
        "avg": 10.832635688606217,
        "min": 8.286613
      },
      "thresholds": {
        "p(95)<2000": {
          "ok": true
        }
      },
      "type": "trend"
    },
    "pages_tested": {
      "type": "counter",
      "contains": "default",
      "values": {
        "count": 70451,
        "rate": 388.96547798640694
      }
    },
    "http_req_sending": {
      "type": "trend",
      "contains": "time",
      "values": {
        "avg": 0.05330080538522684,
        "min": 0.015349,
        "med": 0.051256,
        "max": 0.459478,
        "p(90)": 0.064701,
        "p(95)": 0.071072,
        "p(99)": 0.09233670000000016
      }
    },
    "gs_error_rate": {
      "type": "rate",
      "contains": "default",
      "values": {
        "rate": 0.7057387404011298,
        "passes": 49720,
        "fails": 20731
      }
    },
    "http_reqs": {
      "type": "counter",
      "contains": "default",
      "values": {
        "count": 70452,
        "rate": 388.9709990645745
      }
    },
    "pages_discovered": {
      "type": "counter",
      "contains": "default",
      "values": {
        "count": 37,
        "rate": 0.2042798922016303
      }
    },
    "http_req_connecting": {
      "contains": "time",
      "values": {
        "p(99)": 0,
        "avg": 0.07667236109691702,
        "min": 0,
        "med": 0,
        "max": 115.22517,
        "p(90)": 0,
        "p(95)": 0
      },
      "type": "trend"
    },
    "http_req_failed": {
      "type": "rate",
      "contains": "default",
      "values": {
        "passes": 49720,
        "fails": 20732,
        "rate": 0.705728723102254
      }
    },
    "http_req_duration": {
      "values": {
        "med": 9.880370500000001,
        "max": 178.888671,
        "p(90)": 12.5578429,
        "p(95)": 14.032122349999996,
        "p(99)": 24.91257943000007,
        "avg": 10.834223346434404,
        "min": 8.286613
      },
      "thresholds": {
        "p(95)<2000": {
          "ok": true
        }
      },
      "type": "trend",
      "contains": "time"
    },
    "data_received": {
      "values": {
        "count": 744033681,
        "rate": 4107868.1121368157
      },
      "type": "counter",
      "contains": "data"
    },
    "vus_max": {
      "type": "gauge",
      "contains": "default",
      "values": {
        "value": 200,
        "min": 200,
        "max": 200
      }
    },
    "http_req_waiting": {
      "type": "trend",
      "contains": "time",
      "values": {
        "p(90)": 12.1249418,
        "p(95)": 13.305795949999998,
        "p(99)": 23.26489093,
        "avg": 10.531022382969834,
        "min": 8.204928,
        "med": 9.6320115,
        "max": 177.031967
      }
    },
    "data_sent": {
      "type": "counter",
      "contains": "data",
      "values": {
        "count": 7422440,
        "rate": 40979.871434407265
      }
    },
    "gs_requests": {
      "type": "counter",
      "contains": "default",
      "values": {
        "count": 70451,
        "rate": 388.96547798640694
      }
    },
    "iterations": {
      "type": "counter",
      "contains": "default",
      "values": {
        "count": 70451,
        "rate": 388.96547798640694
      }
    },
    "iteration_duration": {
      "type": "trend",
      "contains": "time",
      "values": {
        "p(99)": 1002.1505950000001,
        "avg": 511.95435800152484,
        "min": 9.064515,
        "med": 511.203402,
        "max": 1262.822995,
        "p(90)": 912.166549,
        "p(95)": 963.334393
      }
    },
    "http_req_tls_handshaking": {
      "type": "trend",
      "contains": "time",
      "values": {
        "avg": 0.1560101588173509,
        "min": 0,
        "med": 0,
        "max": 111.392914,
        "p(90)": 0,
        "p(95)": 0,
        "p(99)": 0
      }
    },
    "vus": {
      "type": "gauge",
      "contains": "default",
      "values": {
        "value": 12,
        "min": 12,
        "max": 200
      }
    },
    "http_req_receiving": {
      "type": "trend",
      "contains": "time",
      "values": {
        "max": 39.062052,
        "p(90)": 0.3631849000000002,
        "p(95)": 1.0343617499999995,
        "p(99)": 3.141340880000004,
        "avg": 0.24990015807925903,
        "min": 0.01074,
        "med": 0.062516
      }
    }
  },
  "setup_data": {
    "urls": [
      "https://nclsbayona.github.io/p/connectivity-networking/",
      "https://nclsbayona.github.io/p/kubernetes-talos/",
      "https://nclsbayona.github.io/p/deployment-secure-webpages/",
      "https://nclsbayona.github.io/p/containers-internals/",
      "https://nclsbayona.github.io/p/certs-real-value/",
      "https://nclsbayona.github.io/p/containers-security/",
      "https://nclsbayona.github.io/p/kubernetes-security/",
      "https://nclsbayona.github.io/p/kubernetes-architecture/",
      "https://nclsbayona.github.io/p/kubenomicon/",
      "https://nclsbayona.github.io/p/github-static-deployment-tutorial/",
      "https://nclsbayona.github.io/p/kubernetes-intro/",
      "https://nclsbayona.github.io/p/gitrepo-exec-vulnerability/",
      "https://nclsbayona.github.io/p/clustering-and-orchestration/",
      "https://nclsbayona.github.io/p/containers-intro/",
      "https://nclsbayona.github.io/p/leaky-vessels-vulnerability/",
      "https://nclsbayona.github.io/",
      "https://nclsbayona.github.io/categories/",
      "https://nclsbayona.github.io/tags/devops/",
      "https://nclsbayona.github.io/tags/devsecops/",
      "https://nclsbayona.github.io/categories/fundamentals/",
      "https://nclsbayona.github.io/categories/networking/",
      "https://nclsbayona.github.io/post/",
      "https://nclsbayona.github.io/tags/",
      "https://nclsbayona.github.io/categories/tutorials/",
      "https://nclsbayona.github.io/categories/cybersecurity/",
      "https://nclsbayona.github.io/categories/kubernetes/",
      "https://nclsbayona.github.io/tags/introductory/",
      "https://nclsbayona.github.io/categories/containers/",
      "https://nclsbayona.github.io/tags/non-technical/",
      "https://nclsbayona.github.io/categories/non-technical/",
      "https://nclsbayona.github.io/page/about/",
      "https://nclsbayona.github.io/page/archives/",
      "https://nclsbayona.github.io/page/favorites/",
      "https://nclsbayona.github.io/page/",
      "https://nclsbayona.github.io/structure/",
      "https://nclsbayona.github.io/page/search/",
      "https://nclsbayona.github.io/page/quote/"
    ]
  },
  "root_group": {
    "groups": [],
    "checks": [
        {
          "fails": 49720,