{
  "metrics": {
    "iteration_duration": {
      "type": "trend",
      "contains": "time",
      "values": {
        "p(90)": 901.9225285,
        "p(95)": 953.0079635,
        "p(99)": 993.4477728500001,
        "avg": 502.63862906679196,
        "min": 2.35665,
        "med": 502.318917,
        "max": 1234.672177
      }
    },
    "http_req_blocked": {
      "type": "trend",
      "contains": "time",
      "values": {
        "avg": 0.024562862062166946,
        "min": 0.00012,
        "med": 0.000281,
        "max": 74.440087,
        "p(90)": 0.000371,
        "p(95)": 0.000411,
        "p(99)": 0.000562
      }
    },
    "http_req_sending": {
      "type": "trend",
      "contains": "time",
      "values": {
        "min": 0.021902,
        "med": 0.044153,
        "max": 0.81906,
        "p(90)": 0.067217,
        "p(95)": 0.07444,
        "p(99)": 0.09821239999999996,
        "avg": 0.0489095933775139
      }
    },
    "data_sent": {
      "contains": "data",
      "values": {
        "rate": 41068.13137845304,
        "count": 37001634
      },
      "type": "counter"
    },
    "vus_max": {
      "type": "gauge",
      "contains": "default",
      "values": {
        "max": 100,
        "value": 100,
        "min": 100
      }
    },
    "http_req_waiting": {
      "values": {
        "avg": 2.758996064510898,
        "min": 1.559161,
        "med": 2.317192,
        "max": 665.748756,
        "p(90)": 3.4840910000000003,
        "p(95)": 4.475522599999998,
        "p(99)": 10.260473239999985
      },
      "type": "trend",
      "contains": "time"
    },
    "pages_tested": {
      "type": "counter",
      "contains": "default",
      "values": {
        "count": 179116,
        "rate": 198.8009345744838
      }
    },
    "http_req_duration": {
      "type": "trend",
      "contains": "time",
      "values": {
        "max": 718.67448,
        "p(90)": 3.8091581999999997,
        "p(95)": 4.835961399999999,
        "p(99)": 10.736645919999992,
        "avg": 3.049106276618118,
        "min": 1.779554,
        "med": 2.591093
      },
      "thresholds": {
        "p(95)<2000": {
          "ok": true
        }
      }
    },
    "http_req_duration{expected_response:true}": {
      "type": "trend",
      "contains": "time",
      "values": {
        "max": 718.67448,
        "p(90)": 3.8091581999999997,
        "p(95)": 4.835961399999999,
        "p(99)": 10.736645919999992,
        "avg": 3.049106276618118,
        "min": 1.779554,
        "med": 2.591093
      }
    },
    "checks": {
      "contains": "default",
      "values": {
        "rate": 1,
        "passes": 179116,
        "fails": 0
      },
      "type": "rate"
    },
    "gs_requests": {
      "values": {
        "count": 179116,
        "rate": 198.8009345744838
      },
      "type": "counter",
      "contains": "default"
    },
    "gs_error_rate": {
      "type": "rate",
      "contains": "default",
      "values": {
        "rate": 0,
        "passes": 0,
        "fails": 179116
      },
      "thresholds": {
        "rate<0.05": {
          "ok": true
        }
      }
    },
    "gs_iteration": {
      "type": "trend",
      "contains": "time",
      "values": {
        "avg": 502.6248799660555,
        "min": 2,
        "med": 502,
        "max": 1235,
        "p(90)": 902,
        "p(95)": 953,
        "p(99)": 993
      }
    },
    "status_count": {
      "type": "counter",
      "contains": "default",
      "values": {
        "count": 179116,
        "rate": 198.8009345744838
      }
    },
    "status_200": {
      "contains": "default",
      "values": {
        "count": 179116,
        "rate": 198.8009345744838
      },
      "type": "counter"
    },
    "gs_latency": {
      "type": "trend",
      "contains": "time",
      "values": {
        "med": 2.5910925000000002,
        "max": 718.67448,
        "p(90)": 3.8091545,
        "p(95)": 4.835896,
        "p(99)": 10.734509500000001,
        "avg": 3.0489044674122217,
        "min": 1.779554
      },
      "thresholds": {
        "p(95)<2000": {
          "ok": true
        }
      }
    },
    "data_received": {
      "type": "counter",
      "contains": "data",
      "values": {
        "count": 5346313114,
        "rate": 5933875.497392856
      }
    },
    "iterations": {
      "type": "counter",
      "contains": "default",
      "values": {
        "count": 179116,
        "rate": 198.8009345744838
      }
    },
    "http_req_receiving": {
      "type": "trend",
      "contains": "time",
      "values": {
        "max": 63.12394,
        "p(90)": 0.43033059999999995,
        "p(95)": 0.5697321999999987,
        "p(99)": 0.9386949199999998,
        "avg": 0.24120061872965465,
        "min": 0.028295,
        "med": 0.18902
      }
    },
    "http_req_connecting": {
      "type": "trend",
      "contains": "time",
      "values": {
        "p(95)": 0,
        "p(99)": 0,
        "avg": 0.008613714627868935,
        "min": 0,
        "med": 0,
        "max": 50.428802,
        "p(90)": 0
      }
    },
    "http_req_failed": {
      "values": {
        "rate": 0,
        "passes": 0,
        "fails": 179117
      },
      "type": "rate",
      "contains": "default"
    },
    "vus": {
      "type": "gauge",
      "contains": "default",
      "values": {
        "value": 1,
        "min": 1,
        "max": 100
      }
    },
    "http_req_tls_handshaking": {
      "type": "trend",
      "contains": "time",
      "values": {
        "min": 0,
        "med": 0,
        "max": 59.614876,
        "p(90)": 0,
        "p(95)": 0,
        "p(99)": 0,
        "avg": 0.014858962365381286
      }
    },
    "pages_discovered": {
      "type": "counter",
      "contains": "default",
      "values": {
        "count": 43,
        "rate": 0.04772572068772641
      }
    },
    "status_2xx": {
      "contains": "default",
      "values": {
        "count": 179116,
        "rate": 198.8009345744838
      },
      "type": "counter"
    },
    "http_reqs": {
      "type": "counter",
      "contains": "default",
      "values": {
        "count": 179117,
        "rate": 198.8020444749649
      }
    }
  },