{
  "state": {
    "isStdOutTTY": false,
    "isStdErrTTY": false,
    "testRunDurationMs": 181561.402607
  },
  "metrics": {
    "http_req_waiting": {
      "type": "trend",
      "contains": "time",
      "values": {
        "avg": 9.108381257955202,
        "min": 8.055015,
        "med": 8.645753,
        "max": 188.495234,
        "p(90)": 9.3375486,
        "p(95)": 9.7721796,
        "p(99)": 12.173954320000002
      }
    },
    "vus_max": {
      "type": "gauge",
      "contains": "default",
      "values": {
        "value": 200,
        "min": 200,
        "max": 200
      }
    },
    "pages_tested": {
      "type": "counter",
      "contains": "default",
      "values": {
        "count": 47546,
        "rate": 261.8728392560176
      }
    },
    "iteration_duration": {
      "type": "trend",
      "contains": "time",
      "values": {
        "max": 1748.173639,
        "p(90)": 1361.3678785000002,
        "p(95)": 1434.977468,
        "p(99)": 1495.36018785,
        "avg": 759.1704508714325,
        "min": 9.058998,
        "med": 759.011469
      }
    },
    "http_req_duration": {
      "type": "trend",
      "contains": "time",
      "values": {
        "avg": 9.837885500767612,
        "min": 8.211556,
        "med": 8.997459,
        "max": 203.229984,
        "p(90)": 10.5792766,
        "p(95)": 11.682607899999999,
        "p(99)": 18.81193492000001
      },
      "thresholds": {
        "p(95)<1500": {
          "ok": true
        }
      }
    },
    "http_req_duration{expected_response:true}": {
      "type": "trend",
      "contains": "time",
      "values": {
        "p(95)": 11.682607899999999,
        "p(99)": 18.81193492000001,
        "avg": 9.837885500767612,
        "min": 8.211556,
        "med": 8.997459,
        "max": 203.229984,
        "p(90)": 10.5792766
      }
    },
    "http_req_sending": {
      "contains": "time",
      "values": {
        "med": 0.049854,
        "max": 3.314359,
        "p(90)": 0.06410460000000001,
        "p(95)": 0.07064029999999998,
        "p(99)": 0.09543020000000012,
        "avg": 0.05247157013060683,
        "min": 0.025859
      },
      "type": "trend"
    },
    "iterations": {
      "values": {
        "count": 47546,
        "rate": 261.8728392560176
      },
      "type": "counter",
      "contains": "default"
    },
    "http_req_connecting": {
      "contains": "time",
      "values": {
        "min": 0,
        "med": 0,
        "max": 116.839753,
        "p(90)": 0,
        "p(95)": 0,
        "p(99)": 0,
        "avg": 0.15710312025995338
      },
      "type": "trend"
    },
    "status_2xx": {
      "values": {
        "count": 47546,
        "rate": 261.8728392560176
      },
      "type": "counter",
      "contains": "default"
    },
    "pages_discovered": {
      "values": {
        "count": 37,
        "rate": 0.20378780659724582
      },
      "type": "counter",
      "contains": "default"
    },
    "http_req_receiving": {
      "type": "trend",
      "contains": "time",
      "values": {
        "avg": 0.6770326726817685,
        "min": 0.041198,
        "med": 0.215788,
        "max": 114.352644,
        "p(90)": 1.5068956000000016,
        "p(95)": 2.0878483999999995,
        "p(99)": 8.85350898000001
      }
    },
    "data_received": {
      "contains": "data",
      "values": {
        "count": 1534645801,
        "rate": 8452489.234850362
      },
      "type": "counter"
    },
    "status_count": {
      "type": "counter",
      "contains": "default",
      "values": {
        "count": 47546,
        "rate": 261.8728392560176
      }
    },
    "data_sent": {
      "type": "counter",
      "contains": "data",
      "values": {
        "count": 5295840,
        "rate": 29168.313991620496
      }
    },
    "http_error_rate": {
      "contains": "default",
      "values": {
        "fails": 47546,
        "rate": 0,
        "passes": 0
      },
      "thresholds": {
        "rate<0.01": {
          "ok": true
        }
      },
      "type": "rate"
    },
    "page_duration": {
      "type": "trend",
      "contains": "time",
      "values": {
        "p(99)": 18.76803940000025,
        "avg": 9.836449941887807,
        "min": 8.211556,
        "med": 8.997454999999999,
        "max": 203.229984,
        "p(90)": 10.579141,
        "p(95)": 11.682211250000002
      }
    },
    "vus": {
      "type": "gauge",
      "contains": "default",
      "values": {
        "value": 36,
        "min": 36,
        "max": 200
      }
    },
    "http_req_tls_handshaking": {
      "type": "trend",
      "contains": "time",
      "values": {
        "med": 0,
        "max": 156.480233,
        "p(90)": 0,
        "p(95)": 0,
        "p(99)": 0,
        "avg": 0.33855222602898216,
        "min": 0
      }
    },
    "http_reqs": {
      "type": "counter",
      "contains": "default",
      "values": {
        "count": 47547,
        "rate": 261.8783470345743
      }
    },
    "check_pass_rate": {
      "contains": "default",
      "values": {
        "rate": 1,
        "passes": 47546,
        "fails": 0
      },
      "thresholds": {
        "rate>0.99": {
          "ok": true
        }
      },
      "type": "rate"
    },
    "http_req_failed": {
      "values": {
        "rate": 0,
        "passes": 0,
        "fails": 47547
      },
      "thresholds": {
        "rate<0.01": {
          "ok": true
        }
      },
      "type": "rate",
      "contains": "default"
    },
    "checks": {
      "type": "rate",
      "contains": "default",
      "values": {
        "passes": 47548,
        "fails": 0,
        "rate": 1
      }
    },
    "http_req_blocked": {
      "type": "trend",
      "contains": "time",
      "values": {
        "avg": 0.4997738505479336,
        "min": 0.00015,
        "med": 0.000291,
        "max": 240.733742,
        "p(90)": 0.000391,
        "p(95)": 0.000441,
        "p(99)": 0.0006615400000000009
      }
    }
  },