{
  "options": {
    "summaryTrendStats": [
      "avg",
      "min",
      "med",
      "max",
      "p(90)",
      "p(95)",
      "p(99)"
    ],
    "summaryTimeUnit": "",
    "noColor": false
  },
  "state": {
    "testRunDurationMs": 181036.275015,
    "isStdOutTTY": false,
    "isStdErrTTY": false
  },
  "metrics": {
    "gs_iteration": {
      "type": "trend",
      "contains": "time",
      "values": {
        "p(95)": 953,
        "p(99)": 993,
        "avg": 503.355761179032,
        "min": 2,
        "med": 502,
        "max": 2623,
        "p(90)": 903
      }
    },
    "http_req_sending": {
      "type": "trend",
      "contains": "time",
      "values": {
        "med": 0.050253,
        "max": 0.55497,
        "p(90)": 0.063177,
        "p(95)": 0.06973359999999995,
        "p(99)": 0.09272167999999983,
        "avg": 0.05239022663391633,
        "min": 0.026419
      }
    },
    "data_sent": {
      "type": "counter",
      "contains": "data",
      "values": {
        "count": 6000334,
        "rate": 33144.37396318961
      }
    },
    "data_received": {
      "contains": "data",
      "values": {
        "rate": 2708712.9358984507,
        "count": 490375300
      },
      "type": "counter"
    },
    "vus": {
      "type": "gauge",
      "contains": "default",
      "values": {
        "value": 2,
        "min": 2,
        "max": 200
      }
    },
    "http_req_tls_handshaking": {
      "type": "trend",
      "contains": "time",
      "values": {
        "min": 0,
        "med": 0,
        "max": 144.514628,
        "p(90)": 0,
        "p(95)": 0,
        "p(99)": 0,
        "avg": 0.14237779536097578
      }
    },
    "http_req_receiving": {
      "values": {
        "p(90)": 0.21720800000000007,
        "p(95)": 0.3184407999999993,
        "p(99)": 0.9140873999999968,
        "avg": 0.16308815361534262,
        "min": 0.009447,
        "med": 0.055262,
        "max": 76.201628
      },
      "type": "trend",
      "contains": "time"
    },
    "gs_requests": {
      "type": "counter",
      "contains": "default",
      "values": {
        "count": 71652,
        "rate": 395.78808166519764
      }
    },
    "http_req_connecting": {
      "type": "trend",
      "contains": "time",
      "values": {
        "avg": 0.0925943052907764,
        "min": 0,
        "med": 0,
        "max": 159.509816,
        "p(90)": 0,
        "p(95)": 0,
        "p(99)": 0
      }
    },
    "http_req_waiting": {
      "type": "trend",
      "contains": "time",
      "values": {
        "p(99)": 6.852145759999964,
        "avg": 2.4788764853948644,
        "min": 1.510313,
        "med": 2.163601,
        "max": 2113.583969,
        "p(90)": 2.9434374000000005,
        "p(95)": 3.5142442
      }
    },
    "http_req_duration": {
      "type": "trend",
      "contains": "time",
      "values": {
        "avg": 2.694354865644142,
        "min": 1.644201,
        "med": 2.296814,
        "max": 2113.655072,
        "p(90)": 3.159209,
        "p(95)": 3.832065799999999,
        "p(99)": 7.658608879999955
      },
      "thresholds": {
        "p(95)<2000": {
          "ok": true
        }
      }
    },
    "http_reqs": {
      "type": "counter",
      "contains": "default",
      "values": {
        "rate": 395.7936054200358,
        "count": 71653
      }
    },
    "http_req_blocked": {
      "type": "trend",
      "contains": "time",
      "values": {
        "p(95)": 0.000441,
        "p(99)": 0.000642,
        "avg": 0.23817553125478555,
        "min": 0.00013,
        "med": 0.000291,
        "max": 169.405793,
        "p(90)": 0.000381
      }
    },
    "pages_discovered": {
      "type": "counter",
      "contains": "default",
      "values": {
        "count": 37,
        "rate": 0.2043789290126209
      }
    },
    "gs_error_rate": {
      "values": {
        "rate": 0.8276391447552057,
        "passes": 59302,
        "fails": 12350
      },
      "type": "rate",
      "contains": "default"
    },
    "gs_latency": {
      "values": {
        "med": 2.2967885,
        "max": 2113.655072,
        "p(90)": 3.1591479,
        "p(95)": 3.8319396999999995,
        "p(99)": 7.652527550000008,
        "avg": 2.694087823340586,
        "min": 1.644201
      },
      "thresholds": {
        "p(95)<2000": {
          "ok": true
        }
      },
      "type": "trend",
      "contains": "time"
    },
    "iteration_duration": {
      "type": "trend",
      "contains": "time",
      "values": {
        "avg": 503.36890793487754,
        "min": 2.157755,
        "med": 502.224638,
        "max": 2623.153618,
        "p(90)": 903.0174371,
        "p(95)": 952.80109005,
        "p(99)": 993.4024363999999
      }
    },
    "vus_max": {
      "type": "gauge",
      "contains": "default",
      "values": {
        "value": 200,
        "min": 200,
        "max": 200
      }
    },
    "http_req_failed": {
      "contains": "default",
      "values": {
        "fails": 12351,
        "rate": 0.8276275940993398,
        "passes": 59302
      },
      "type": "rate"
    },
    "pages_tested": {
      "type": "counter",
      "contains": "default",
      "values": {
        "count": 71652,
        "rate": 395.78808166519764
      }
    },
    "iterations": {
      "type": "counter",
      "contains": "default",
      "values": {
        "count": 71652,
        "rate": 395.78808166519764
      }
    },
    "checks": {
      "type": "rate",
      "contains": "default",
      "values": {
        "rate": 0.17236085524479428,
        "passes": 12350,
        "fails": 59302
      }
    },
    "http_req_duration{expected_response:true}": {
      "values": {
        "p(90)": 4.485262,
        "p(95)": 6.1819489999999995,
        "p(99)": 31.593288,
        "avg": 4.0151449992713,
        "min": 1.86525,
        "med": 2.795163,
        "max": 149.325896
      },
      "type": "trend",
      "contains": "time"
    }
  },