{
  "state": {
    "testRunDurationMs": 180980.80935,
    "isStdOutTTY": false,
    "isStdErrTTY": false
  },
  "metrics": {
    "pages_discovered": {
      "type": "counter",
      "contains": "default",
      "values": {
        "count": 37,
        "rate": 0.20444156556093998
      }
    },
    "gs_latency": {
      "type": "trend",
      "contains": "time",
      "values": {
        "min": 9.144495,
        "med": 13.956643,
        "max": 502.678523,
        "p(90)": 15.254451,
        "p(95)": 16.076973999999993,
        "p(99)": 19.21860506,
        "avg": 13.577304638178422
      },
      "thresholds": {
        "p(95)<2000": {
          "ok": true
        }
      }
    },
    "http_req_duration": {
      "values": {
        "max": 502.678523,
        "p(90)": 15.2544815,
        "p(95)": 16.07773025,
        "p(99)": 19.22935164999998,
        "avg": 13.578366102932739,
        "min": 9.144495,
        "med": 13.956654499999999
      },
      "thresholds": {
        "p(95)<2000": {
          "ok": true
        }
      },
      "type": "trend",
      "contains": "time"
    },
    "http_req_blocked": {
      "type": "trend",
      "contains": "time",
      "values": {
        "p(95)": 0.000461,
        "p(99)": 0.000872,
        "avg": 0.114876533480351,
        "min": 0.00015,
        "med": 0.0003,
        "max": 59.932159,
        "p(90)": 0.000401
      }
    },
    "http_req_connecting": {
      "contains": "time",
      "values": {
        "p(90)": 0,
        "p(95)": 0,
        "p(99)": 0,
        "avg": 0.03784531830679343,
        "min": 0,
        "med": 0,
        "max": 17.527239
      },
      "type": "trend"
    },
    "http_reqs": {
      "type": "counter",
      "contains": "default",
      "values": {
        "count": 34916,
        "rate": 192.92653251691297
      }
    },
    "http_req_receiving": {
      "type": "trend",
      "contains": "time",
      "values": {
        "p(90)": 1.111912,
        "p(95)": 1.665252,
        "p(99)": 3.312324349999991,
        "avg": 0.4777872460190144,
        "min": 0.038752,
        "med": 0.23293049999999998,
        "max": 30.340583
      }
    },
    "vus": {
      "type": "gauge",
      "contains": "default",
      "values": {
        "value": 1,
        "min": 1,
        "max": 100
      }
    },
    "http_req_waiting": {
      "contains": "time",
      "values": {
        "min": 8.912457,
        "med": 13.618057,
        "max": 502.46584,
        "p(90)": 14.484615999999999,
        "p(95)": 14.864383,
        "p(99)": 16.62212729999997,
        "avg": 13.048053697330817
      },
      "type": "trend"
    },
    "checks": {
      "contains": "default",
      "values": {
        "rate": 1,
        "passes": 34915,
        "fails": 0
      },
      "type": "rate"
    },
    "data_sent": {
      "contains": "data",
      "values": {
        "count": 7897887,
        "rate": 43639.36170009177
      },
      "type": "counter"
    },
    "pages_tested": {
      "type": "counter",
      "contains": "default",
      "values": {
        "count": 34915,
        "rate": 192.9210070691951
      }
    },
    "vus_max": {
      "type": "gauge",
      "contains": "default",
      "values": {
        "min": 100,
        "max": 100,
        "value": 100
      }
    },
    "http_req_duration{expected_response:true}": {
      "contains": "time",
      "values": {
        "p(95)": 16.07773025,
        "p(99)": 19.22935164999998,
        "avg": 13.578366102932739,
        "min": 9.144495,
        "med": 13.956654499999999,
        "max": 502.678523,
        "p(90)": 15.2544815
      },
      "type": "trend"
    },
    "iterations": {
      "type": "counter",
      "contains": "default",
      "values": {
        "count": 34915,
        "rate": 192.9210070691951
      }
    },
    "http_req_tls_handshaking": {
      "type": "trend",
      "contains": "time",
      "values": {
        "avg": 0.0758530844884866,
        "min": 0,
        "med": 0,
        "max": 44.099707,
        "p(90)": 0,
        "p(95)": 0,
        "p(99)": 0
      }
    },
    "data_received": {
      "type": "counter",
      "contains": "data",
      "values": {
        "count": 1117082021,
        "rate": 6172378.303600509
      }
    },
    "gs_requests": {
      "type": "counter",
      "contains": "default",
      "values": {
        "count": 34915,
        "rate": 192.9210070691951
      }
    },
    "gs_error_rate": {
      "type": "rate",
      "contains": "default",
      "values": {
        "rate": 0,
        "passes": 0,
        "fails": 34915
      }
    },
    "http_req_failed": {
      "values": {
        "rate": 0,
        "passes": 0,
        "fails": 34916
      },
      "type": "rate",
      "contains": "default"
    },
    "iteration_duration": {
      "type": "trend",
      "contains": "time",
      "values": {
        "med": 519.665288,
        "max": 1341.745261,
        "p(90)": 915.8022512000001,
        "p(95)": 964.2095276,
        "p(99)": 1004.7173951,
        "avg": 516.3631068501215,
        "min": 10.623054
      }
    },
    "http_req_sending": {
      "type": "trend",
      "contains": "time",
      "values": {
        "max": 0.43017,
        "p(90)": 0.06397349999999999,
        "p(95)": 0.07000324999999999,
        "p(99)": 0.09150319999999984,
        "avg": 0.05252515958299896,
        "min": 0.013575,
        "med": 0.050634
      }
    },
    "gs_iteration": {
      "type": "trend",
      "contains": "time",
      "values": {
        "p(99)": 1005,
        "avg": 516.3482457396534,
        "min": 10,
        "med": 520,
        "max": 1341,
        "p(90)": 916,
        "p(95)": 964
      }
    }
  },
  "setup_data": {
    "urls": [
      "https://nclsbayona.github.io/p/connectivity-networking/",
      "https://nclsbayona.github.io/p/kubernetes-talos/",
      "https://nclsbayona.github.io/p/deployment-secure-webpages/",
      "https://nclsbayona.github.io/p/containers-internals/",
      "https://nclsbayona.github.io/p/certs-real-value/",
      "https://nclsbayona.github.io/p/containers-security/",
      "https://nclsbayona.github.io/p/kubernetes-security/",
      "https://nclsbayona.github.io/p/kubernetes-architecture/",
      "https://nclsbayona.github.io/p/kubenomicon/",
      "https://nclsbayona.github.io/p/github-static-deployment-tutorial/",
      "https://nclsbayona.github.io/p/kubernetes-intro/",
      "https://nclsbayona.github.io/p/gitrepo-exec-vulnerability/",
      "https://nclsbayona.github.io/p/clustering-and-orchestration/",
      "https://nclsbayona.github.io/p/containers-intro/",
      "https://nclsbayona.github.io/p/leaky-vessels-vulnerability/",
      "https://nclsbayona.github.io/",
      "https://nclsbayona.github.io/categories/",
      "https://nclsbayona.github.io/tags/devops/",
      "https://nclsbayona.github.io/tags/devsecops/",
      "https://nclsbayona.github.io/categories/fundamentals/",
      "https://nclsbayona.github.io/categories/networking/",
      "https://nclsbayona.github.io/post/",
      "https://nclsbayona.github.io/tags/",
      "https://nclsbayona.github.io/categories/tutorials/",
      "https://nclsbayona.github.io/categories/cybersecurity/",
      "https://nclsbayona.github.io/categories/kubernetes/",
      "https://nclsbayona.github.io/tags/introductory/",
      "https://nclsbayona.github.io/categories/containers/",
      "https://nclsbayona.github.io/tags/non-technical/",
      "https://nclsbayona.github.io/categories/non-technical/",
      "https://nclsbayona.github.io/page/about/",
      "https://nclsbayona.github.io/page/archives/",
      "https://nclsbayona.github.io/page/favorites/",
      "https://nclsbayona.github.io/page/",
      "https://nclsbayona.github.io/structure/",
      "https://nclsbayona.github.io/page/search/",
      "https://nclsbayona.github.io/page/quote/"
    ]
  },
  "root_group": {
    "name": "",
    "path": "",
    "id": "d41d8cd98f00b204e9800998ecf8427e",
    "groups": [],