{
  "metrics": {
    "gs_latency": {
      "values": {
        "p(95)": 21.638393799999992,
        "p(99)": 38.875976619999996,
        "avg": 9.16978598494983,
        "min": 5.744465,
        "med": 7.634206000000001,
        "max": 53.225805,
        "p(90)": 11.946065900000017
      },
      "thresholds": {
        "p(95)<2000": {
          "ok": true
        }
      },
      "type": "trend",
      "contains": "time"
    },
    "http_req_blocked": {
      "type": "trend",
      "contains": "time",
      "values": {
        "p(95)": 0.000621,
        "p(99)": 14.349737759999988,
        "avg": 0.285064777963275,
        "min": 0.000231,
        "med": 0.000311,
        "max": 22.726471,
        "p(90)": 0.000511
      }
    },
    "http_req_sending": {
      "type": "trend",
      "contains": "time",
      "values": {
        "p(90)": 0.098181,
        "p(95)": 0.11691100000000001,
        "p(99)": 0.13950669999999993,
        "avg": 0.06809898664440737,
        "min": 0.035155,
        "med": 0.061484,
        "max": 0.194092
      }
    },
    "gs_error_rate": {
      "contains": "default",
      "values": {
        "rate": 0,
        "passes": 0,
        "fails": 598
      },
      "thresholds": {
        "rate<0.05": {
          "ok": true
        }
      },
      "type": "rate"
    },
    "http_req_tls_handshaking": {
      "type": "trend",
      "contains": "time",
      "values": {
        "avg": 0.16541723706176958,
        "min": 0,
        "med": 0,
        "max": 10.427949,
        "p(90)": 0,
        "p(95)": 0,
        "p(99)": 8.834100759999997
      }
    },
    "gs_iteration": {
      "type": "trend",
      "contains": "time",
      "values": {
        "max": 1008,
        "p(90)": 906.6000000000001,
        "p(95)": 952.3,
        "p(99)": 992.06,
        "avg": 504.9264214046823,
        "min": 8,
        "med": 503.5
      }
    },
    "vus_max": {
      "type": "gauge",
      "contains": "default",
      "values": {
        "value": 10,
        "min": 10,
        "max": 10
      }
    },
    "http_req_failed": {
      "type": "rate",
      "contains": "default",
      "values": {
        "rate": 0,
        "passes": 0,
        "fails": 599
      },
      "thresholds": {
        "rate<0.05": {
          "ok": true
        }
      }
    },
    "iteration_duration": {
      "type": "trend",
      "contains": "time",
      "values": {
        "min": 7.889367,
        "med": 503.518121,
        "max": 1008.261329,
        "p(90)": 906.2662646000002,
        "p(95)": 952.51115955,
        "p(99)": 992.00281499,
        "avg": 504.9535017709029
      }
    },
    "data_received": {
      "type": "counter",
      "contains": "data",
      "values": {
        "rate": 650276.4912537248,
        "count": 19817165
      }
    },
    "pages_discovered": {
      "type": "counter",
      "contains": "default",
      "values": {
        "count": 37,
        "rate": 1.2141106044375074
      }
    },
    "http_req_duration": {
      "thresholds": {
        "p(95)<2000": {
          "ok": true
        }
      },
      "type": "trend",
      "contains": "time",
      "values": {
        "max": 53.225805,
        "p(90)": 12.139444000000005,
        "p(95)": 21.619255200000012,
        "p(99)": 38.87328008,
        "avg": 9.18871401836394,
        "min": 5.744465,
        "med": 7.63438
      }
    },
    "http_req_connecting": {
      "type": "trend",
      "contains": "time",
      "values": {
        "max": 5.713867,
        "p(90)": 0,
        "p(95)": 0,
        "p(99)": 5.5670885399999985,
        "avg": 0.10138620701168614,
        "min": 0,
        "med": 0
      }
    },
    "http_reqs": {
      "type": "counter",
      "contains": "default",
      "values": {
        "count": 599,
        "rate": 19.65546627183965
      }
    },
    "http_req_duration{expected_response:true}": {
      "type": "trend",
      "contains": "time",
      "values": {
        "min": 5.744465,
        "med": 7.63438,
        "max": 53.225805,
        "p(90)": 12.139444000000005,
        "p(95)": 21.619255200000012,
        "p(99)": 38.87328008,
        "avg": 9.18871401836394
      }
    },
    "http_req_waiting": {
      "type": "trend",
      "contains": "time",
      "values": {
        "max": 46.916264,
        "p(90)": 11.009376400000004,
        "p(95)": 21.448831700000003,
        "p(99)": 34.141385919999976,
        "avg": 8.68915022704508,
        "min": 5.534244,
        "med": 7.196212
      }
    },
    "checks": {
      "type": "rate",
      "contains": "default",
      "values": {
        "rate": 1,
        "passes": 598,
        "fails": 0
      }
    },
    "iterations": {
      "values": {
        "count": 598,
        "rate": 19.622652471719714
      },
      "type": "counter",
      "contains": "default"
    },
    "data_sent": {
      "type": "counter",
      "contains": "data",
      "values": {
        "rate": 5216.114480864611,
        "count": 158961
      }
    },
    "pages_tested": {
      "type": "counter",
      "contains": "default",
      "values": {
        "count": 598,
        "rate": 19.622652471719714
      }
    },
    "vus": {
      "values": {
        "value": 10,
        "min": 10,
        "max": 10
      },
      "type": "gauge",
      "contains": "default"
    },
    "http_req_receiving": {
      "type": "trend",
      "contains": "time",
      "values": {
        "p(90)": 0.9444698000000005,
        "p(95)": 1.2412015000000003,
        "p(99)": 5.360127939999991,
        "avg": 0.4314648046744573,
        "min": 0.050434,
        "med": 0.235881,
        "max": 6.993748
      }
    },
    "gs_requests": {
      "type": "counter",
      "contains": "default",
      "values": {
        "count": 598,
        "rate": 19.622652471719714
      }
    }
  },
  "setup_data": {
    "urls": [
      "https://nclsbayona.github.io/p/connectivity-networking/",
      "https://nclsbayona.github.io/p/kubernetes-talos/",
      "https://nclsbayona.github.io/p/deployment-secure-webpages/",
      "https://nclsbayona.github.io/p/containers-internals/",
      "https://nclsbayona.github.io/p/certs-real-value/",
      "https://nclsbayona.github.io/p/containers-security/",
      "https://nclsbayona.github.io/p/kubernetes-security/",
      "https://nclsbayona.github.io/p/kubernetes-architecture/",
      "https://nclsbayona.github.io/p/kubenomicon/",
      "https://nclsbayona.github.io/p/github-static-deployment-tutorial/",
      "https://nclsbayona.github.io/p/kubernetes-intro/",
      "https://nclsbayona.github.io/p/gitrepo-exec-vulnerability/",
      "https://nclsbayona.github.io/p/clustering-and-orchestration/",
      "https://nclsbayona.github.io/p/containers-intro/",
      "https://nclsbayona.github.io/p/leaky-vessels-vulnerability/",
      "https://nclsbayona.github.io/",
      "https://nclsbayona.github.io/categories/",
      "https://nclsbayona.github.io/tags/devops/",
      "https://nclsbayona.github.io/tags/devsecops/",
      "https://nclsbayona.github.io/categories/fundamentals/",
      "https://nclsbayona.github.io/categories/networking/",
      "https://nclsbayona.github.io/post/",
      "https://nclsbayona.github.io/tags/",
      "https://nclsbayona.github.io/categories/tutorials/",
      "https://nclsbayona.github.io/categories/cybersecurity/",
      "https://nclsbayona.github.io/categories/kubernetes/",
      "https://nclsbayona.github.io/tags/introductory/",
      "https://nclsbayona.github.io/categories/containers/",
      "https://nclsbayona.github.io/tags/non-technical/",
      "https://nclsbayona.github.io/categories/non-technical/",
      "https://nclsbayona.github.io/page/about/",
      "https://nclsbayona.github.io/page/archives/",
      "https://nclsbayona.github.io/page/favorites/",
      "https://nclsbayona.github.io/page/",
      "https://nclsbayona.github.io/structure/",
      "https://nclsbayona.github.io/page/search/",
      "https://nclsbayona.github.io/page/quote/"
    ]
  },
  "root_group": {
    "name": "",