{
  "metrics": {
    "gs_latency": {
      "type": "trend",
      "contains": "time",
      "values": {
        "med": 7.01713,
        "max": 63.142175,
        "p(90)": 10.045928800000008,
        "p(95)": 26.703029399999988,
        "p(99)": 39.10450985999989,
        "avg": 9.007168372212707,
        "min": 5.916112
      },
      "thresholds": {
        "p(95)<2000": {
          "ok": true
        }
      }
    },
    "checks": {
      "type": "rate",
      "contains": "default",
      "values": {
        "rate": 1,
        "passes": 583,
        "fails": 0
      }
    },
    "vus": {
      "type": "gauge",
      "contains": "default",
      "values": {
        "max": 5,
        "value": 5,
        "min": 5
      }
    },
    "http_req_sending": {
      "type": "trend",
      "contains": "time",
      "values": {
        "avg": 0.09089259075342469,
        "min": 0.043321,
        "med": 0.084152,
        "max": 0.191258,
        "p(90)": 0.13161,
        "p(95)": 0.14259885,
        "p(99)": 0.1613098099999997
      }
    },
    "gs_requests": {
      "type": "counter",
      "contains": "default",
      "values": {
        "count": 583,
        "rate": 9.587412320825393
      }
    },
    "gs_iteration": {
      "type": "trend",
      "contains": "time",
      "values": {
        "max": 1047,
        "p(90)": 933.8000000000001,
        "p(95)": 976.9,
        "p(99)": 1004,
        "avg": 518.3910806174957,
        "min": 13,
        "med": 509
      }
    },
    "iteration_duration": {
      "type": "trend",
      "contains": "time",
      "values": {
        "avg": 518.4298802229849,
        "min": 13.268064,
        "med": 508.495486,
        "max": 1047.426844,
        "p(90)": 934.3148026000001,
        "p(95)": 976.4610610999999,
        "p(99)": 1003.15320082
      }
    },
    "http_req_duration{expected_response:true}": {
      "type": "trend",
      "contains": "time",
      "values": {
        "avg": 9.03882998972604,
        "min": 5.916112,
        "med": 7.0176,
        "max": 63.142175,
        "p(90)": 10.195810600000009,
        "p(95)": 26.77752005,
        "p(99)": 39.08269558999991
      }
    },
    "iterations": {
      "type": "counter",
      "contains": "default",
      "values": {
        "count": 583,
        "rate": 9.587412320825393
      }
    },
    "vus_max": {
      "type": "gauge",
      "contains": "default",
      "values": {
        "value": 5,
        "min": 5,
        "max": 5
      }
    },
    "http_req_tls_handshaking": {
      "type": "trend",
      "contains": "time",
      "values": {
        "med": 0,
        "max": 9.126548,
        "p(90)": 0,
        "p(95)": 0,
        "p(99)": 1.2978175699996877,
        "avg": 0.08807277226027398,
        "min": 0
      }
    },
    "data_received": {
      "type": "counter",
      "contains": "data",
      "values": {
        "rate": 287514.45779002894,
        "count": 17483438
      }
    },
    "http_reqs": {
      "type": "counter",
      "contains": "default",
      "values": {
        "count": 584,
        "rate": 9.60385728192458
      }
    },
    "http_req_blocked": {
      "type": "trend",
      "contains": "time",
      "values": {
        "p(90)": 0.000531,
        "p(95)": 0.000621,
        "p(99)": 2.284845379999452,
        "avg": 0.16338426712328802,
        "min": 0.00021,
        "med": 0.000321,
        "max": 23.120405
      }
    },
    "http_req_connecting": {
      "type": "trend",
      "contains": "time",
      "values": {
        "p(95)": 0,
        "p(99)": 0.9065773599997817,
        "avg": 0.056857393835616436,
        "min": 0,
        "med": 0,
        "max": 5.793376,
        "p(90)": 0
      }
    },
    "data_sent": {
      "type": "counter",
      "contains": "data",
      "values": {
        "rate": 2192.7217780821534,
        "count": 133337
      }
    },
    "http_req_duration": {
      "type": "trend",
      "contains": "time",
      "values": {
        "med": 7.0176,
        "max": 63.142175,
        "p(90)": 10.195810600000009,
        "p(95)": 26.77752005,
        "p(99)": 39.08269558999991,
        "avg": 9.03882998972604,
        "min": 5.916112
      },
      "thresholds": {
        "p(95)<2000": {
          "ok": true
        }
      }
    },
    "http_req_waiting": {
      "contains": "time",
      "values": {
        "p(99)": 37.18871993999994,
        "avg": 8.606429638698632,
        "min": 5.63079,
        "med": 6.6607005,
        "max": 57.778924,
        "p(90)": 9.717671600000005,
        "p(95)": 26.530957550000004
      },
      "type": "trend"
    },
    "pages_discovered": {
      "type": "counter",
      "contains": "default",
      "values": {
        "count": 37,
        "rate": 0.6084635606698792
      }
    },
    "gs_error_rate": {
      "type": "rate",
      "contains": "default",
      "values": {
        "passes": 0,
        "fails": 583,
        "rate": 0
      }
    },
    "http_req_failed": {
      "type": "rate",
      "contains": "default",
      "values": {
        "rate": 0,
        "passes": 0,
        "fails": 584
      }
    },
    "http_req_receiving": {
      "type": "trend",
      "contains": "time",
      "values": {
        "avg": 0.34150776027397284,
        "min": 0.059752,
        "med": 0.2258765,
        "max": 6.145125,
        "p(90)": 0.5129238,
        "p(95)": 1.0269542500000002,
        "p(99)": 1.7204158499999926
      }
    },
    "pages_tested": {
      "type": "counter",
      "contains": "default",
      "values": {
        "count": 583,
        "rate": 9.587412320825393
      }
    }
  },
  "setup_data": {
    "urls": [
      "https://nclsbayona.github.io/p/connectivity-networking/",
      "https://nclsbayona.github.io/p/kubernetes-talos/",
      "https://nclsbayona.github.io/p/deployment-secure-webpages/",
      "https://nclsbayona.github.io/p/containers-internals/",
      "https://nclsbayona.github.io/p/certs-real-value/",
      "https://nclsbayona.github.io/p/containers-security/",
      "https://nclsbayona.github.io/p/kubernetes-security/",
      "https://nclsbayona.github.io/p/kubernetes-architecture/",
      "https://nclsbayona.github.io/p/kubenomicon/",
      "https://nclsbayona.github.io/p/github-static-deployment-tutorial/",
      "https://nclsbayona.github.io/p/kubernetes-intro/",
      "https://nclsbayona.github.io/p/gitrepo-exec-vulnerability/",
      "https://nclsbayona.github.io/p/clustering-and-orchestration/",
      "https://nclsbayona.github.io/p/containers-intro/",
      "https://nclsbayona.github.io/p/leaky-vessels-vulnerability/",
      "https://nclsbayona.github.io/",
      "https://nclsbayona.github.io/categories/",
      "https://nclsbayona.github.io/tags/devops/",
      "https://nclsbayona.github.io/tags/devsecops/",
      "https://nclsbayona.github.io/categories/fundamentals/",
      "https://nclsbayona.github.io/categories/networking/",
      "https://nclsbayona.github.io/post/",
      "https://nclsbayona.github.io/tags/",
      "https://nclsbayona.github.io/categories/tutorials/",
      "https://nclsbayona.github.io/categories/cybersecurity/",
      "https://nclsbayona.github.io/categories/kubernetes/",
      "https://nclsbayona.github.io/tags/introductory/",
      "https://nclsbayona.github.io/categories/containers/",
      "https://nclsbayona.github.io/tags/non-technical/",
      "https://nclsbayona.github.io/categories/non-technical/",
      "https://nclsbayona.github.io/page/about/",
      "https://nclsbayona.github.io/page/archives/",
      "https://nclsbayona.github.io/page/favorites/",
      "https://nclsbayona.github.io/page/",
      "https://nclsbayona.github.io/structure/",
      "https://nclsbayona.github.io/page/search/",
      "https://nclsbayona.github.io/page/quote/"
    ]
  },
  "root_group": {
    "name": "",
    "path": "",
    "id": "d41d8cd98f00b204e9800998ecf8427e",
    "groups": [],
    "checks": [
        {
          "name": "status is 2xx",
          "path": "::status is 2xx",