{
  "metrics": {
    "http_req_tls_handshaking": {
      "type": "trend",
      "contains": "time",
      "values": {
        "avg": 0.7311581302939711,
        "min": 0,
        "med": 0,
        "max": 71.037971,
        "p(90)": 0,
        "p(95)": 0,
        "p(99)": 32.073237889999994
      }
    },
    "pages_discovered": {
      "type": "counter",
      "contains": "default",
      "values": {
        "count": 37,
        "rate": 1.1705464616372339
      }
    },
    "check_pass_rate": {
      "type": "rate",
      "contains": "default",
      "values": {
        "fails": 0,
        "rate": 1,
        "passes": 4013
      },
      "thresholds": {
        "rate>0.99": {
          "ok": true
        }
      }
    },
    "status_2xx": {
      "type": "counter",
      "contains": "default",
      "values": {
        "count": 4013,
        "rate": 126.95683650135729
      }
    },
    "http_req_blocked": {
      "type": "trend",
      "contains": "time",
      "values": {
        "avg": 1.069407089935251,
        "min": 0.00017,
        "med": 0.00034,
        "max": 77.928424,
        "p(90)": 0.000461,
        "p(95)": 0.000541,
        "p(99)": 46.99234680999993
      }
    },
    "page_duration": {
      "type": "trend",
      "contains": "time",
      "values": {
        "max": 193.18919,
        "p(90)": 5.548487000000002,
        "p(95)": 14.486952799999978,
        "p(99)": 122.87301316000004,
        "avg": 6.984842648143549,
        "min": 0.872163,
        "med": 2.797355
      }
    },
    "http_error_rate": {
      "type": "rate",
      "contains": "default",
      "values": {
        "rate": 0,
        "passes": 0,
        "fails": 4013
      },
      "thresholds": {
        "rate<0.01": {
          "ok": true
        }
      }
    },
    "http_req_failed": {
      "type": "rate",
      "contains": "default",
      "values": {
        "passes": 0,
        "fails": 4014,
        "rate": 0
      },
      "thresholds": {
        "rate<0.01": {
          "ok": true
        }
      }
    },
    "pages_tested": {
      "type": "counter",
      "contains": "default",
      "values": {
        "count": 4013,
        "rate": 126.95683650135729
      }
    },
    "iteration_duration": {
      "type": "trend",
      "contains": "time",
      "values": {
        "med": 769.598988,
        "max": 1694.184308,
        "p(90)": 1359.425256,
        "p(95)": 1439.6865325999997,
        "p(99)": 1493.63200568,
        "avg": 761.2933122008466,
        "min": 3.713525
      }
    },
    "http_req_duration": {
      "type": "trend",
      "contains": "time",
      "values": {
        "p(95)": 14.721057149999949,
        "p(99)": 122.86995508999998,
        "avg": 7.007041282760356,
        "min": 0.872163,
        "med": 2.7975855000000003,
        "max": 193.18919,
        "p(90)": 5.556166300000002
      },
      "thresholds": {
        "p(95)<1500": {
          "ok": true
        }
      }
    },
    "data_received": {
      "values": {
        "count": 129413275,
        "rate": 4094168.9497334138
      },
      "type": "counter",
      "contains": "data"
    },
    "status_count": {
      "values": {
        "count": 4013,
        "rate": 126.95683650135729
      },
      "type": "counter",
      "contains": "default"
    },
    "data_sent": {
      "type": "counter",
      "contains": "data",
      "values": {
        "count": 620930,
        "rate": 19643.984173632638
      }
    },
    "vus": {
      "type": "gauge",
      "contains": "default",
      "values": {
        "value": 26,
        "min": 26,
        "max": 100
      }
    },
    "http_reqs": {
      "type": "counter",
      "contains": "default",
      "values": {
        "count": 4014,
        "rate": 126.98847289221236
      }
    },
    "vus_max": {
      "type": "gauge",
      "contains": "default",
      "values": {
        "value": 100,
        "min": 100,
        "max": 100
      }
    },
    "http_req_connecting": {
      "type": "trend",
      "contains": "time",
      "values": {
        "avg": 0.30080973891380164,
        "min": 0,
        "med": 0,
        "max": 59.116727,
        "p(90)": 0,
        "p(95)": 0,
        "p(99)": 7.9000341699999845
      }
    },
    "http_req_sending": {
      "type": "trend",
      "contains": "time",
      "values": {
        "avg": 0.05557276880916796,
        "min": 0.029815,
        "med": 0.051496,
        "max": 3.068065,
        "p(90)": 0.06869000000000001,
        "p(95)": 0.076853,
        "p(99)": 0.11232789999999995
      }
    },
    "http_req_waiting": {
      "values": {
        "med": 2.5296495,
        "max": 191.232431,
        "p(90)": 5.021179600000002,
        "p(95)": 14.261462299999984,
        "p(99)": 121.65325136999984,
        "avg": 6.63158341554562,
        "min": 0.662353
      },
      "type": "trend",
      "contains": "time"
    },
    "checks": {
      "type": "rate",
      "contains": "default",
      "values": {
        "rate": 1,
        "passes": 4015,
        "fails": 0
      }
    },
    "http_req_duration{expected_response:true}": {
      "type": "trend",
      "contains": "time",
      "values": {
        "avg": 7.007041282760356,
        "min": 0.872163,
        "med": 2.7975855000000003,
        "max": 193.18919,
        "p(90)": 5.556166300000002,
        "p(95)": 14.721057149999949,
        "p(99)": 122.86995508999998
      }
    },
    "iterations": {
      "type": "counter",
      "contains": "default",
      "values": {
        "rate": 126.95683650135729,
        "count": 4013
      }
    },
    "http_req_receiving": {
      "type": "trend",
      "contains": "time",
      "values": {
        "p(99)": 2.9475625699999943,
        "avg": 0.31988509840558094,
        "min": 0.040335,
        "med": 0.1812295,
        "max": 17.324204,
        "p(90)": 0.4827353000000001,
        "p(95)": 0.8989288999999999
      }
    }
  },