{
  "state": {
    "testRunDurationMs": 181725.954289,
    "isStdOutTTY": false,
    "isStdErrTTY": false
  },
  "metrics": {
    "data_sent": {
      "values": {
        "count": 5727833,
        "rate": 31519.06959250845
      },
      "type": "counter",
      "contains": "data"
    },
    "http_reqs": {
      "contains": "default",
      "values": {
        "count": 46878,
        "rate": 257.9598504980175
      },
      "type": "counter"
    },
    "http_req_connecting": {
      "type": "trend",
      "contains": "time",
      "values": {
        "p(95)": 0,
        "p(99)": 0,
        "avg": 0.09110853547506288,
        "min": 0,
        "med": 0,
        "max": 34.991336,
        "p(90)": 0
      }
    },
    "iteration_duration": {
      "type": "trend",
      "contains": "time",
      "values": {
        "med": 770.358982,
        "max": 1716.09999,
        "p(90)": 1370.4619599999999,
        "p(95)": 1444.3866455999998,
        "p(99)": 1505.28582916,
        "avg": 770.1381390325693,
        "min": 18.467499
      }
    },
    "iterations": {
      "type": "counter",
      "contains": "default",
      "values": {
        "count": 46877,
        "rate": 257.95434770671886
      }
    },
    "data_received": {
      "type": "counter",
      "contains": "data",
      "values": {
        "count": 1520702375,
        "rate": 8368107.796983236
      }
    },
    "status_2xx": {
      "type": "counter",
      "contains": "default",
      "values": {
        "count": 46877,
        "rate": 257.95434770671886
      }
    },
    "http_req_tls_handshaking": {
      "type": "trend",
      "contains": "time",
      "values": {
        "p(90)": 0,
        "p(95)": 0,
        "p(99)": 0,
        "avg": 0.3180666286957635,
        "min": 0,
        "med": 0,
        "max": 155.789056
      }
    },
    "http_req_sending": {
      "values": {
        "max": 0.372633,
        "p(90)": 0.066804,
        "p(95)": 0.073547,
        "p(99)": 0.09949730000000002,
        "avg": 0.05450672183113593,
        "min": 0.02683,
        "med": 0.052378
      },
      "type": "trend",
      "contains": "time"
    },
    "http_req_receiving": {
      "type": "trend",
      "contains": "time",
      "values": {
        "med": 0.249814,
        "max": 164.960165,
        "p(90)": 1.4868362000000004,
        "p(95)": 2.94104615,
        "p(99)": 5.917185580000018,
        "avg": 0.7466028624728107,
        "min": 0.039163
      }
    },
    "checks": {
      "values": {
        "rate": 1,
        "passes": 46879,
        "fails": 0
      },
      "type": "rate",
      "contains": "default"
    },
    "pages_discovered": {
      "values": {
        "count": 37,
        "rate": 0.20360327804997327
      },
      "type": "counter",
      "contains": "default"
    },
    "pages_tested": {
      "type": "counter",
      "contains": "default",
      "values": {
        "count": 46877,
        "rate": 257.95434770671886
      }
    },
    "http_req_duration": {
      "thresholds": {
        "p(95)<1500": {
          "ok": true
        }
      },
      "type": "trend",
      "contains": "time",
      "values": {
        "min": 17.196591,
        "med": 18.4404075,
        "max": 240.727368,
        "p(90)": 20.9180142,
        "p(95)": 22.2638927,
        "p(99)": 31.170367460000115,
        "avg": 19.314464349822803
      }
    },
    "vus": {
      "contains": "default",
      "values": {
        "value": 62,
        "min": 62,
        "max": 200
      },
      "type": "gauge"
    },
    "http_req_waiting": {
      "type": "trend",
      "contains": "time",
      "values": {
        "min": 16.925715,
        "med": 17.883929,
        "max": 191.918167,
        "p(90)": 19.4648657,
        "p(95)": 20.410550100000002,
        "p(99)": 25.185663940000097,
        "avg": 18.51335476551907
      }
    },
    "http_error_rate": {
      "type": "rate",
      "contains": "default",
      "values": {
        "rate": 0,
        "passes": 0,
        "fails": 46877
      },
      "thresholds": {
        "rate<0.01": {
          "ok": true
        }
      }
    },
    "page_duration": {
      "type": "trend",
      "contains": "time",
      "values": {
        "p(95)": 22.263449199999997,
        "p(99)": 31.12937487999991,
        "avg": 19.310761844337165,
        "min": 17.196591,
        "med": 18.440407,
        "max": 240.727368,
        "p(90)": 20.917671
      }
    },
    "check_pass_rate": {
      "type": "rate",
      "contains": "default",
      "values": {
        "rate": 1,
        "passes": 46877,
        "fails": 0
      },
      "thresholds": {
        "rate>0.99": {
          "ok": true
        }
      }
    },
    "http_req_blocked": {
      "contains": "time",
      "values": {
        "p(99)": 0.000872,
        "avg": 0.41206481968065883,
        "min": 0.000151,
        "med": 0.000321,
        "max": 180.089891,
        "p(90)": 0.000411,
        "p(95)": 0.000461
      },
      "type": "trend"
    },
    "status_count": {
      "type": "counter",
      "contains": "default",
      "values": {
        "count": 46877,
        "rate": 257.95434770671886
      }
    },
    "vus_max": {
      "type": "gauge",
      "contains": "default",
      "values": {
        "min": 200,
        "max": 200,
        "value": 200
      }
    },
    "http_req_duration{expected_response:true}": {
      "type": "trend",
      "contains": "time",
      "values": {
        "avg": 19.314464349822803,
        "min": 17.196591,
        "med": 18.4404075,
        "max": 240.727368,
        "p(90)": 20.9180142,
        "p(95)": 22.2638927,
        "p(99)": 31.170367460000115
      }
    },
    "http_req_failed": {
      "type": "rate",
      "contains": "default",
      "values": {
        "rate": 0,
        "passes": 0,
        "fails": 46878
      },
      "thresholds": {
        "rate<0.01": {
          "ok": true
        }
      }
    }
  },