{
  "metrics": {
    "gs_error_rate": {
      "values": {
        "passes": 0,
        "fails": 178894,
        "rate": 0
      },
      "thresholds": {
        "rate<0.05": {
          "ok": true
        }
      },
      "type": "rate",
      "contains": "default"
    },
    "gs_requests": {
      "type": "counter",
      "contains": "default",
      "values": {
        "count": 178894,
        "rate": 198.53593245670905
      }
    },
    "http_reqs": {
      "type": "counter",
      "contains": "default",
      "values": {
        "count": 178895,
        "rate": 198.53704225319444
      }
    },
    "http_req_duration": {
      "contains": "time",
      "values": {
        "p(95)": 2.4792650999999997,
        "p(99)": 3.5971109199999995,
        "avg": 1.8456314505883948,
        "min": 0.729431,
        "med": 1.624847,
        "max": 291.628655,
        "p(90)": 2.1393824
      },
      "thresholds": {
        "p(95)<2000": {
          "ok": true
        }
      },
      "type": "trend"
    },
    "http_req_sending": {
      "contains": "time",
      "values": {
        "avg": 0.050699290002514705,
        "min": 0.017252,
        "med": 0.046096,
        "max": 2.674663,
        "p(90)": 0.069761,
        "p(95)": 0.07768899999999988,
        "p(99)": 0.102713
      },
      "type": "trend"
    },
    "data_sent": {
      "contains": "data",
      "values": {
        "count": 36856958,
        "rate": 40903.72245043301
      },
      "type": "counter"
    },
    "status_200": {
      "type": "counter",
      "contains": "default",
      "values": {
        "count": 178894,
        "rate": 198.53593245670905
      }
    },
    "http_req_receiving": {
      "type": "trend",
      "contains": "time",
      "values": {
        "min": 0.029996,
        "med": 0.174338,
        "max": 19.781234,
        "p(90)": 0.35369140000000004,
        "p(95)": 0.46931379999999995,
        "p(99)": 0.74515656,
        "avg": 0.21361933606305308
      }
    },
    "gs_iteration": {
      "type": "trend",
      "contains": "time",
      "values": {
        "avg": 503.2585162163069,
        "min": 1,
        "med": 504,
        "max": 1323,
        "p(90)": 903,
        "p(95)": 953,
        "p(99)": 993
      }
    },
    "vus": {
      "values": {
        "value": 3,
        "min": 3,
        "max": 100
      },
      "type": "gauge",
      "contains": "default"
    },
    "http_req_waiting": {
      "contains": "time",
      "values": {
        "p(95)": 2.1542198999999997,
        "p(99)": 3.1777163999999996,
        "avg": 1.58131282452275,
        "min": 0,
        "med": 1.369235,
        "max": 288.934678,
        "p(90)": 1.8254226
      },
      "type": "trend"
    },
    "pages_tested": {
      "type": "counter",
      "contains": "default",
      "values": {
        "count": 178894,
        "rate": 198.53593245670905
      }
    },
    "status_2xx": {
      "type": "counter",
      "contains": "default",
      "values": {
        "count": 178894,
        "rate": 198.53593245670905
      }
    },
    "checks": {
      "type": "rate",
      "contains": "default",
      "values": {
        "rate": 1,
        "passes": 178894,
        "fails": 0
      }
    },
    "http_req_connecting": {
      "type": "trend",
      "contains": "time",
      "values": {
        "max": 55.369261,
        "p(90)": 0,
        "p(95)": 0,
        "p(99)": 0,
        "avg": 0.00881430550881802,
        "min": 0,
        "med": 0
      }
    },
    "data_received": {
      "type": "counter",
      "contains": "data",
      "values": {
        "count": 5350453336,
        "rate": 5937914.307516572
      }
    },
    "http_req_failed": {
      "type": "rate",
      "contains": "default",
      "values": {
        "rate": 0,
        "passes": 0,
        "fails": 178895
      }
    },
    "iterations": {
      "type": "counter",
      "contains": "default",
      "values": {
        "rate": 198.53593245670905,
        "count": 178894
      }
    },
    "status_count": {
      "type": "counter",
      "contains": "default",
      "values": {
        "count": 178894,
        "rate": 198.53593245670905
      }
    },
    "iteration_duration": {
      "values": {
        "avg": 503.2730971180351,
        "min": 1.433836,
        "med": 503.7528,
        "max": 1322.785992,
        "p(90)": 903.3811375,
        "p(95)": 953.3090281500002,
        "p(99)": 992.7517839700001
      },
      "type": "trend",
      "contains": "time"
    },
    "http_req_duration{expected_response:true}": {
      "type": "trend",
      "contains": "time",
      "values": {
        "avg": 1.8456314505883948,
        "min": 0.729431,
        "med": 1.624847,
        "max": 291.628655,
        "p(90)": 2.1393824,
        "p(95)": 2.4792650999999997,
        "p(99)": 3.5971109199999995
      }
    },
    "pages_discovered": {
      "type": "counter",
      "contains": "default",
      "values": {
        "rate": 0.04772124887161386,
        "count": 43
      }
    },
    "vus_max": {
      "type": "gauge",
      "contains": "default",
      "values": {
        "value": 100,
        "min": 100,
        "max": 100
      }
    },
    "gs_latency": {
      "type": "trend",
      "contains": "time",
      "values": {
        "p(95)": 2.4792449,
        "p(99)": 3.5969121400000015,
        "avg": 1.844939748610971,
        "min": 0.729431,
        "med": 1.6248464999999999,
        "max": 291.628655,
        "p(90)": 2.1393641000000003
      },
      "thresholds": {
        "p(95)<2000": {
          "ok": true
        }
      }
    },
    "http_req_blocked": {
      "type": "trend",
      "contains": "time",
      "values": {
        "avg": 0.02321091341284275,
        "min": 0.00012,
        "med": 0.000281,
        "max": 70.405926,
        "p(90)": 0.000371,
        "p(95)": 0.00041,
        "p(99)": 0.000581
      }
    },
    "http_req_tls_handshaking": {
      "type": "trend",
      "contains": "time",
      "values": {
        "max": 60.900218,
        "p(90)": 0,
        "p(95)": 0,
        "p(99)": 0,
        "avg": 0.013963932457586856,
        "min": 0,
        "med": 0
      }
    }
  },