{
  "metrics": {
    "http_req_connecting": {
      "type": "trend",
      "contains": "time",
      "values": {
        "p(90)": 0,
        "p(95)": 0,
        "p(99)": 0,
        "avg": 0.008133114506588318,
        "min": 0,
        "med": 0,
        "max": 51.274739
      }
    },
    "status_count": {
      "type": "counter",
      "contains": "default",
      "values": {
        "count": 179028,
        "rate": 198.703899950925
      }
    },
    "http_req_tls_handshaking": {
      "type": "trend",
      "contains": "time",
      "values": {
        "p(95)": 0,
        "p(99)": 0,
        "avg": 0.016062776231783676,
        "min": 0,
        "med": 0,
        "max": 69.53968,
        "p(90)": 0
      }
    },
    "gs_iteration": {
      "type": "trend",
      "contains": "time",
      "values": {
        "avg": 502.8527939763612,
        "min": 2,
        "med": 502,
        "max": 1112,
        "p(90)": 904,
        "p(95)": 954,
        "p(99)": 993
      }
    },
    "pages_tested": {
      "type": "counter",
      "contains": "default",
      "values": {
        "count": 179028,
        "rate": 198.703899950925
      }
    },
    "gs_requests": {
      "type": "counter",
      "contains": "default",
      "values": {
        "count": 179028,
        "rate": 198.703899950925
      }
    },
    "http_req_blocked": {
      "type": "trend",
      "contains": "time",
      "values": {
        "min": 0.00011,
        "med": 0.00028,
        "max": 84.594049,
        "p(90)": 0.000361,
        "p(95)": 0.00039,
        "p(99)": 0.000501,
        "avg": 0.025007305788394555
      }
    },
    "iterations": {
      "type": "counter",
      "contains": "default",
      "values": {
        "count": 179028,
        "rate": 198.703899950925
      }
    },
    "http_req_failed": {
      "type": "rate",
      "contains": "default",
      "values": {
        "passes": 0,
        "fails": 179029,
        "rate": 0
      }
    },
    "data_sent": {
      "type": "counter",
      "contains": "data",
      "values": {
        "count": 36837411,
        "rate": 40885.99118459182
      }
    },
    "http_req_duration": {
      "contains": "time",
      "values": {
        "max": 150.46488,
        "p(90)": 3.5278288000000004,
        "p(95)": 4.1756028,
        "p(99)": 8.44914396,
        "avg": 2.8486350254595822,
        "min": 1.445399,
        "med": 2.580898
      },
      "thresholds": {
        "p(95)<2000": {
          "ok": true
        }
      },
      "type": "trend"
    },
    "iteration_duration": {
      "type": "trend",
      "contains": "time",
      "values": {
        "p(90)": 903.5551297,
        "p(95)": 953.7911335499999,
        "p(99)": 993.48417985,
        "avg": 502.8678160576681,
        "min": 2.267613,
        "med": 502.4477785,
        "max": 1112.117357
      }
    },
    "vus": {
      "values": {
        "value": 1,
        "min": 1,
        "max": 100
      },
      "type": "gauge",
      "contains": "default"
    },
    "vus_max": {
      "type": "gauge",
      "contains": "default",
      "values": {
        "value": 100,
        "min": 100,
        "max": 100
      }
    },
    "status_200": {
      "type": "counter",
      "contains": "default",
      "values": {
        "count": 179028,
        "rate": 198.703899950925
      }
    },
    "http_req_sending": {
      "type": "trend",
      "contains": "time",
      "values": {
        "avg": 0.04596137491132663,
        "min": 0.012643,
        "med": 0.042129,
        "max": 0.321197,
        "p(90)": 0.060673,
        "p(95)": 0.066884,
        "p(99)": 0.08353572
      }
    },
    "http_req_receiving": {
      "type": "trend",
      "contains": "time",
      "values": {
        "med": 0.198175,
        "max": 32.637623,
        "p(90)": 0.40511060000000004,
        "p(95)": 0.5209314000000002,
        "p(99)": 0.80963984,
        "avg": 0.23789396125767187,
        "min": 0.031539
      }
    },
    "gs_latency": {
      "type": "trend",
      "contains": "time",
      "values": {
        "max": 150.46488,
        "p(90)": 3.5278239,
        "p(95)": 4.175485149999998,
        "p(99)": 8.448148110000004,
        "avg": 2.8485602565576533,
        "min": 1.445399,
        "med": 2.580895
      },
      "thresholds": {
        "p(95)<2000": {
          "ok": true
        }
      }
    },
    "http_req_duration{expected_response:true}": {
      "type": "trend",
      "contains": "time",
      "values": {
        "avg": 2.8486350254595822,
        "min": 1.445399,
        "med": 2.580898,
        "max": 150.46488,
        "p(90)": 3.5278288000000004,
        "p(95)": 4.1756028,
        "p(99)": 8.44914396
      }
    },
    "status_2xx": {
      "type": "counter",
      "contains": "default",
      "values": {
        "count": 179028,
        "rate": 198.703899950925
      }
    },
    "http_req_waiting": {
      "contains": "time",
      "values": {
        "med": 2.303201,
        "max": 145.715932,
        "p(90)": 3.2279568000000007,
        "p(95)": 3.8465048000000013,
        "p(99)": 8.044613840000002,
        "avg": 2.5647796892905563,
        "min": 1.30078
      },
      "type": "trend"
    },
    "pages_discovered": {
      "type": "counter",
      "contains": "default",
      "values": {
        "count": 43,
        "rate": 0.047725873594576126
      }
    },
    "data_received": {
      "type": "counter",
      "contains": "data",
      "values": {
        "count": 5337132477,
        "rate": 5923704.882669976
      }
    },
    "http_reqs": {
      "type": "counter",
      "contains": "default",
      "values": {
        "count": 179029,
        "rate": 198.70500985496207
      }
    },
    "checks": {
      "contains": "default",
      "values": {
        "fails": 0,
        "rate": 1,
        "passes": 179028
      },
      "type": "rate"
    },
    "gs_error_rate": {
      "type": "rate",
      "contains": "default",
      "values": {
        "rate": 0,
        "passes": 0,
        "fails": 179028
      },
      "thresholds": {
        "rate<0.05": {
          "ok": true
        }
      }
    }
  },